version_label,case_group,test_id,test_name,input_repr,status,sha256,size,exception_type,exception_message,repeat_count,final_result,success_runs,exception_runs,unique_sha256_count
PY-03,basic,BASIC-01,None type - None,None,SUCCESS,8ce86a6ae65d3692e7305e2c58ac62eebd97d3d943e093f577da25c36988246b,1,,,10,STABLE_SUCCESS,10,0,1
PY-03,basic,BASIC-02,Boolean type - True,True,SUCCESS,e632b7095b0bf32c260fa4c539e9fd7b852d0de454e9be26f24d0d6f91d069d3,1,,,10,STABLE_SUCCESS,10,0,1
PY-03,basic,BASIC-03,Boolean type - False,False,SUCCESS,f67ab10ad4e4c53121b6a5fe4da9c10ddee905b978d3788d2723d7bfacbe28a9,1,,,10,STABLE_SUCCESS,10,0,1
PY-03,basic,BASIC-04,Small integer - 0,0,SUCCESS,e8ebd827d1f36d7cfa5e5220610aa6370284d1589989363f48ac40166362d449,5,,,10,STABLE_SUCCESS,10,0,1
PY-03,basic,BASIC-05,Small integer - 1,1,SUCCESS,59e562517a08b1f9edb930c1553aaf2e6947c1000705dfa4ed20b03b29363da1,5,,,10,STABLE_SUCCESS,10,0,1
PY-03,basic,BASIC-06,Small integer - -1,-1,SUCCESS,72aea108d59af9a3db0854601259c9d9a62dce69f656f4a3f4e451500fb85a1f,5,,,10,STABLE_SUCCESS,10,0,1
PY-03,basic,BASIC-07,Large integer - 2**31,2147483648,SUCCESS,70f286d27bc1e55c830066343a8fe2489d76660e68b3a62cd943ad76d574aa4a,11,,,10,STABLE_SUCCESS,10,0,1
PY-03,basic,BASIC-08,Large integer - 2**63,9223372036854775808,SUCCESS,95d4ad4027f527c14a76f13cf23b94c45272e82a4be8407bbab87cbc83522728,15,,,10,STABLE_SUCCESS,10,0,1
PY-03,basic,BASIC-09,Large integer - -2**63,-9223372036854775808,SUCCESS,1d14c0165fb31ea4cbd0bb1b47e51ff68e5b351ac4e805209bc25b8a011c9e8a,15,,,10,STABLE_SUCCESS,10,0,1
PY-03,basic,BASIC-10,Very large integer - 2**100,1267650600228229401496703205376,SUCCESS,93133aef5016fb3e75f0e91c81f629b6103091b160d1a763b384818a7d0fca79,19,,,10,STABLE_SUCCESS,10,0,1
PY-03,basic,BASIC-11,Very large negative integer - -2**100,-1267650600228229401496703205376,SUCCESS,382e56d74f5468fbdd23d4f4abf37cd3fe7fb3cfc3bdcacf8764fc697709a369,19,,,10,STABLE_SUCCESS,10,0,1
PY-03,basic,BASIC-12,Normal string - hello,'hello',SUCCESS,f27068260acda9a05a6477f17da12f844bca8f00a8ac15381de59fd1add44945,7,,,10,STABLE_SUCCESS,10,0,1
PY-03,basic,BASIC-13,Empty string,'',SUCCESS,153d812467db095632c6583da7f82cf7ad1e3f9ef18b6358c10f28d2804822f4,2,,,10,STABLE_SUCCESS,10,0,1
PY-03,basic,BASIC-14,Long normal string,'aaaaaaaaaaaaaaaaaaaaaaaaaaaaaaaaaaaaaaaaaaaaaaaaaaaaaaaaaaaaaaaaaaaaaaaaaaaaaaaaaaaaaaaaaaaaaaaaaaaaaaaaaaaaaaaaaaaaaaaaaaaaaaaaaaaaaaaaaaaaaaaaaaaaaaaaaaaaaaaaaaaaaaaaaaaaaaaaaaaaaaaaaaaaaaaaaaaaaaaaaaaaaaaaaaaaaaaaaaaaaaaaaaaaaaaaaaaaaaaaaaaaaaaaaaaaaaaaaaaaaaaaaaaaaaaaaaaaaaaaaaaaaaaaaaaaaaaaaaa...<truncated>,SUCCESS,5659b07be1e193edb6fdf058b6fbb79b46da7ea90122ab0f793fb9a2d1add908,10005,,,10,STABLE_SUCCESS,10,0,1
PY-03,basic,BASIC-15,Unicode string - Chinese and emoji,'中文😀',SUCCESS,21069af945686d72a8f400f3df47b278b87a1772ea89952af8858b38c1d956a4,15,,,10,STABLE_SUCCESS,10,0,1
PY-03,basic,BASIC-16,Long Unicode string,'中文😀中文😀中文😀中文😀中文😀中文😀中文😀中文😀中文😀中文😀中文😀中文😀中文😀中文😀中文😀中文😀中文😀中文😀中文😀中文😀中文😀中文😀中文😀中文😀中文😀中文😀中文😀中文😀中文😀中文😀中文😀中文😀中文😀中文😀中文😀中文😀中文😀中文😀中文😀中文😀中文😀中文😀中文😀中文😀中文😀中文😀中文😀中文😀中文😀中文😀中文😀中文😀中文😀中文😀中文😀中文😀中文😀中文😀中文😀中文😀中文😀中文😀中文😀中文😀中文😀中文😀中文😀中文😀中文😀中文😀中文😀中文😀中文😀中文😀中文😀中文😀中文😀中文😀中文😀中文😀中文😀中文😀中文😀中文😀中文😀中文😀中文😀中文😀中文😀中文😀中文😀中文😀中文😀中文😀中文😀中文😀中文😀中文😀中文😀中文...<truncated>,SUCCESS,1f660cafdde853765364e8863f6ad11c56e0bef1eaa397d115fb0b3bb0c32133,10005,,,10,STABLE_SUCCESS,10,0,1
PY-03,basic,BASIC-17,Special characters string,"'\n\t\r\\\'""'",SUCCESS,05d374fd9ac34c1851649be7c6c05e978a67d677805223d16278ea132ea66304,8,,,10,STABLE_SUCCESS,10,0,1
PY-03,basic,BASIC-18,Bytes type - b'abc',b'abc',SUCCESS,54fbc4701c235e1d489632b9680e438d00e614228886cc1116d2f6dcaa4724fc,8,,,10,STABLE_SUCCESS,10,0,1
PY-03,basic,BASIC-19,Bytes type - bytes(range(256)),"b'\x00\x01\x02\x03\x04\x05\x06\x07\x08\t\n\x0b\x0c\r\x0e\x0f\x10\x11\x12\x13\x14\x15\x16\x17\x18\x19\x1a\x1b\x1c\x1d\x1e\x1f !""#$%&\'()*+,-./0123456789:;<=>?@ABCDEFGHIJKLMNOPQRSTUVWXYZ[\\]^_`abcdefghijklmnopqrstuvwxyz{|}~\x7f\x80\x81\x82\x83\x84\x85\x86\x87\x88\x89\x8a\x8b\x8c\x8d\x8e\x8f\x90\x91\x9...<truncated>",SUCCESS,0b08ed82f6c155739862b18db0d9bcd0717c90a3bd87e72a5828d85356b79078,261,,,10,STABLE_SUCCESS,10,0,1
PY-03,basic,BASIC-20,Empty bytes,b'',SUCCESS,1e39f9576a47375992ed7b53b49a4fe68e1622c87227165ee0246d3c345996f1,5,,,10,STABLE_SUCCESS,10,0,1
PY-03,basic,BASIC-21,Large bytes - 1MB,b'\x00\x00\x00\x00\x00\x00\x00\x00\x00\x00\x00\x00\x00\x00\x00\x00\x00\x00\x00\x00\x00\x00\x00\x00\x00\x00\x00\x00\x00\x00\x00\x00\x00\x00\x00\x00\x00\x00\x00\x00\x00\x00\x00\x00\x00\x00\x00\x00\x00\x00\x00\x00\x00\x00\x00\x00\x00\x00\x00\x00\x00\x00\x00\x00\x00\x00\x00\x00\x00\x00\x00\x00\x00\x00\x...<truncated>,SUCCESS,5213fc501436f77d9d5c161294a7f6e87d902475392c71212e7fe4b56772a037,1048581,,,10,STABLE_SUCCESS,10,0,1
PY-03,basic,BASIC-22,Float - 0.0,0.0,SUCCESS,a7b2474c2b69133fff4c0515276a03bbf9d1c38d1d1f8c08bd5db478181398d6,9,,,10,STABLE_SUCCESS,10,0,1
PY-03,basic,BASIC-23,Float - 3.14,3.14,SUCCESS,037a6b9a94f0ca478998fdec5255e5fea3e2b966a74496530b4ed56b68ebd5f2,9,,,10,STABLE_SUCCESS,10,0,1
PY-03,basic,BASIC-24,Float - -3.14,-3.14,SUCCESS,0bff30887f5190682a6f138431e6c41308017d3421927c98ac14b6eaf9cacdd6,9,,,10,STABLE_SUCCESS,10,0,1
PY-03,basic,BASIC-25,Float - very small,1e-100,SUCCESS,57145dbc78cbaabdd7fb683fbcad6da6ba47971e2c26e0061b3318efc4c9f604,9,,,10,STABLE_SUCCESS,10,0,1
PY-03,basic,BASIC-26,Float - very large,1e+100,SUCCESS,8e2d3efb7ecd74a6fce43b932a9bc54470b90d69063307673146a33a3428bde6,9,,,10,STABLE_SUCCESS,10,0,1
PY-03,basic,BASIC-27,Complex number - 1+2j,(1+2j),SUCCESS,ffb915ef625f270197532ab39744694546c1cec90ff4891487c2a74fab5acdc2,17,,,10,STABLE_SUCCESS,10,0,1
PY-03,basic,BASIC-28,Complex number - 0j,0j,SUCCESS,4af55f659e98d62afb780d456414d7a3d98eaf04614feba89ba26b998575eaab,17,,,10,STABLE_SUCCESS,10,0,1
PY-03,basic,BASIC-29,Bytearray - bytearray(b'abc'),bytearray(b'abc'),SUCCESS,54fbc4701c235e1d489632b9680e438d00e614228886cc1116d2f6dcaa4724fc,8,,,10,STABLE_SUCCESS,10,0,1
PY-03,basic,BASIC-30,Bytearray - bytearray(range(256)),"bytearray(b'\x00\x01\x02\x03\x04\x05\x06\x07\x08\t\n\x0b\x0c\r\x0e\x0f\x10\x11\x12\x13\x14\x15\x16\x17\x18\x19\x1a\x1b\x1c\x1d\x1e\x1f !""#$%&\'()*+,-./0123456789:;<=>?@ABCDEFGHIJKLMNOPQRSTUVWXYZ[\\]^_`abcdefghijklmnopqrstuvwxyz{|}~\x7f\x80\x81\x82\x83\x84\x85\x86\x87\x88\x89\x8a\x8b\x8c\x8d\x8e\x8f\...<truncated>",SUCCESS,0b08ed82f6c155739862b18db0d9bcd0717c90a3bd87e72a5828d85356b79078,261,,,10,STABLE_SUCCESS,10,0,1
PY-03,basic,BASIC-31,Empty bytearray,bytearray(b''),SUCCESS,1e39f9576a47375992ed7b53b49a4fe68e1622c87227165ee0246d3c345996f1,5,,,10,STABLE_SUCCESS,10,0,1
PY-03,basic,BASIC-32,Singleton - Ellipsis,Ellipsis,SUCCESS,cdb4ee2aea69cc6a83331bbe96dc2caa9a299d21329efb0336fc02a82e1839a8,1,,,10,STABLE_SUCCESS,10,0,1
PY-03,basic,BASIC-33,Singleton - StopIteration,<class 'StopIteration'>,SUCCESS,8de0b3c47f112c59745f717a626932264c422a7563954872e237b223af4ad643,1,,,10,STABLE_SUCCESS,10,0,1
PY-03,container,CONTAINER-01,Empty list,[],SUCCESS,cd13cd2473c97737511c66500c332fdf9ad78c5f6e8d4eb4fea992bb63f42055,5,,,10,STABLE_SUCCESS,10,0,1
PY-03,container,CONTAINER-02,Empty tuple,(),SUCCESS,86c11f10c038a75279e64a09cbc5cacb478a9af27d1b5cce1d1b1cc7e23a1b81,2,,,10,STABLE_SUCCESS,10,0,1
PY-03,container,CONTAINER-03,Empty dict,{},SUCCESS,fa433c89e61178902327da13af7dc0b09aede94a362de11626c21700a658c353,2,,,10,STABLE_SUCCESS,10,0,1
PY-03,container,CONTAINER-04,Empty set,set(),SUCCESS,995046494f919338259e00eb000e87957890be5cb4e30be304e6646e1426578b,5,,,10,STABLE_SUCCESS,10,0,1
PY-03,container,CONTAINER-05,Empty frozenset,frozenset(),SUCCESS,4c237f2998e18f5c62047214de243bf62daa715906dfc6776b948ec9ec2fe2bd,5,,,10,STABLE_SUCCESS,10,0,1
PY-03,container,CONTAINER-06,"Simple list - [1, 2, 3]","[1, 2, 3]",SUCCESS,e8d78d57d1e0438a051682277b2fb68178db03f14dff349e335ac98565991c85,20,,,10,STABLE_SUCCESS,10,0,1
PY-03,container,CONTAINER-07,"Simple tuple - (1, 2, 3)","(1, 2, 3)",SUCCESS,da464634e919a561dacef9b6d18d967ba5021f76f8cea0b14fdab5051831db9a,17,,,10,STABLE_SUCCESS,10,0,1
PY-03,container,CONTAINER-08,"Simple dict - {'a': 1, 'b': 2}","{'a': 1, 'b': 2}",SUCCESS,dfac25175367deb81e476277ff0a56c7a26d07846fab25a0f8895cdef465627f,18,,,10,STABLE_SUCCESS,10,0,1
PY-03,container,CONTAINER-09,"Simple set - {1, 2, 3}","{1, 2, 3}",SUCCESS,cddf0b000e7d5e4d9d7ffbbf3ecc0f056e311652a56278e911321cfc9c588ec9,20,,,10,STABLE_SUCCESS,10,0,1
PY-03,container,CONTAINER-10,"Simple frozenset - {1, 2, 3}","frozenset({1, 2, 3})",SUCCESS,8bfcbf8c82091a645c1dcfbe2828fce54d6255e1e8ca3bcf63230eefcfea4274,20,,,10,STABLE_SUCCESS,10,0,1
PY-03,container,CONTAINER-11,Mixed list,"[1, 'a', None, True, 3.14, b'abc']",SUCCESS,fb2fdf6670287915053d9f0b65739b3f6227e40aaac8e28b2ea1031148cb5e9a,32,,,10,STABLE_SUCCESS,10,0,1
PY-03,container,CONTAINER-12,Mixed tuple,"(1, 'a', None, True, 3.14, b'abc')",SUCCESS,9aef2f56babd9a5e994fc7320b4cfa31f49abd17e9b0556c3d0d814d7862773b,29,,,10,STABLE_SUCCESS,10,0,1
PY-03,container,CONTAINER-13,Mixed dict,"{'int': 1, 'str': 'a', 'none': None, 'bool': True}",SUCCESS,4912e56aad3793ddf874ad16e2910ff3aca0a793f53936a7a8643ab9e7043314,34,,,10,STABLE_SUCCESS,10,0,1
PY-03,container,CONTAINER-14,List containing dict,"[{'a': 1}, {'b': 2}, {'c': 3}]",SUCCESS,cfaad234e8829c19a422d7d834c88194d99cb416058c08b0695332521fe28ada,35,,,10,STABLE_SUCCESS,10,0,1
PY-03,container,CONTAINER-15,Dict containing list,"{'numbers': [1, 2, 3], 'letters': ['a', 'b', 'c']}",SUCCESS,880713acda1d38d15079f9886875463e8ade378a539501b82cc773afbee20de7,54,,,10,STABLE_SUCCESS,10,0,1
PY-03,container,CONTAINER-16,List containing tuple,"[(1, 2), (3, 4), (5, 6)]",SUCCESS,02fb05e595e4d0c70be30e70ad6db3be97bf82673c6ddeee67411dfc84a02d42,41,,,10,STABLE_SUCCESS,10,0,1
PY-03,container,CONTAINER-17,Tuple containing list,"([1, 2], [3, 4], [5, 6])",SUCCESS,837ca6214f4135cd06d7f9a2aa9898c9a277ed568618545c9d20125558e614c2,47,,,10,STABLE_SUCCESS,10,0,1
PY-03,container,CONTAINER-18,Dict containing tuple,"{'point': (10, 20), 'color': (255, 255, 255)}",SUCCESS,db63c547a2369e38db57d0d7dd007bcc87cb34f057c7d403fc6b47f5676ecf06,45,,,10,STABLE_SUCCESS,10,0,1
PY-03,container,CONTAINER-19,Dict containing set,"{'values': {1, 2, 3}}",SUCCESS,6e6dd7a2ee4155b3c9d09edbdc30638e398b3aa71402b14468696d807b051fc0,30,,,10,STABLE_SUCCESS,10,0,1
PY-03,container,CONTAINER-20,List containing set,"[{1, 2}, {3, 4}, {5, 6}]",SUCCESS,c5f5d11df20d57e508d419bfde79cbd8c967c82b1150429ad6d9bf8e54e7d175,50,,,10,STABLE_SUCCESS,10,0,1
PY-03,container,CONTAINER-21,Nested list and dict,"[{'items': [1, 2, 3]}, {'items': [4, 5, 6]}]",SUCCESS,6f10fa6cbe4c93d80196609264f0ceab1330c9c5dac4981ba3c5ea1a6f2e5d6f,61,,,10,STABLE_SUCCESS,10,0,1
PY-03,container,CONTAINER-22,Nested dict and tuple,"{'user': {'id': 1, 'roles': ('admin', 'tester')}}",SUCCESS,e983ee431456f81da6bc499548755d974f6adfca0273da7edea7260b4cf2ded3,43,,,10,STABLE_SUCCESS,10,0,1
PY-03,container,CONTAINER-23,Repeated values in list,"[1, 1, 1, 'a', 'a', None, None]",SUCCESS,db9d83766c313d26f3216f40aca6c4ae3b1e7618836ea996f816a0533b5351cb,30,,,10,STABLE_SUCCESS,10,0,1
PY-03,container,CONTAINER-24,Dict with integer keys,"{1: 'one', 2: 'two', 3: 'three'}",SUCCESS,3f445a66f72922de9abcf1d2d0f830e2265fbd0f24f79f16588df71e14e0fe65,34,,,10,STABLE_SUCCESS,10,0,1
PY-03,container,CONTAINER-25,Dict with mixed keys,"{'a': 1, 2: 'b', (3, 4): 'tuple_key'}",SUCCESS,3409cd9999d790c6def4d76edc3e466afe5593bf9bc9948624face6af438e356,41,,,10,STABLE_SUCCESS,10,0,1
PY-03,container,CONTAINER-26,"Slice - slice(1, 10, 2)","slice(1, 10, 2)",EXCEPTION,,,ValueError,unmarshallable object,10,STABLE_EXCEPTION,0,10,0
PY-03,container,CONTAINER-27,"Slice - slice(None, 10, None)","slice(None, 10, None)",EXCEPTION,,,ValueError,unmarshallable object,10,STABLE_EXCEPTION,0,10,0
PY-03,container,CONTAINER-28,"Slice - slice(None, None, -1)","slice(None, None, -1)",EXCEPTION,,,ValueError,unmarshallable object,10,STABLE_EXCEPTION,0,10,0
PY-03,container,CONTAINER-29,List containing slice,"[slice(1, 5, None), slice(None, None, -1)]",EXCEPTION,,,ValueError,unmarshallable object,10,STABLE_EXCEPTION,0,10,0
PY-03,container,CONTAINER-30,Tuple containing slice,"(slice(0, 10, None), slice(None, None, -1))",EXCEPTION,,,ValueError,unmarshallable object,10,STABLE_EXCEPTION,0,10,0
PY-03,container,CONTAINER-31,Dict containing slice value,"{'range': slice(1, 10, 2)}",EXCEPTION,,,ValueError,unmarshallable object,10,STABLE_EXCEPTION,0,10,0
PY-03,complexity,COMPLEXITY-01,Simple input - integer 1,1,SUCCESS,59e562517a08b1f9edb930c1553aaf2e6947c1000705dfa4ed20b03b29363da1,5,,,1,STABLE_SUCCESS,1,0,1
PY-03,complexity,COMPLEXITY-02,Medium mixed list,"[1, 'a', None, 3.14]",SUCCESS,b64c299280a240bf02cb19243cacf98cd7648ec7c8073e82f549f06afa9851d7,23,,,1,STABLE_SUCCESS,1,0,1
PY-03,complexity,COMPLEXITY-03,Empty complex structure,"[[], {}, ()]",SUCCESS,082a226c4875fba8363f01feebdf566006af780a997e5636f418550ff608d97a,14,,,1,STABLE_SUCCESS,1,0,1
PY-03,complexity,COMPLEXITY-04,Nested list - 10 levels,[[[[[[[[[[1]]]]]]]]]],SUCCESS,9c5261998358ab03ca3ce93d18e1a886ba7960ebca89ed9aa15060dd8c209b07,55,,,1,STABLE_SUCCESS,1,0,1
PY-03,complexity,COMPLEXITY-05,Nested list - 50 levels,[[[[[[[[[[[[[[[[[[[[[[[[[[[[[[[[[[[[[[[[[[[[[[[[[[1]]]]]]]]]]]]]]]]]]]]]]]]]]]]]]]]]]]]]]]]]]]]]]]]]],SUCCESS,87f206c3c6cbabe60cb07732942a32fc5fa4e034b1b1b75b1f64251475acb608,255,,,1,STABLE_SUCCESS,1,0,1
PY-03,complexity,COMPLEXITY-06,Nested list - 100 levels,[[[[[[[[[[[[[[[[[[[[[[[[[[[[[[[[[[[[[[[[[[[[[[[[[[[[[[[[[[[[[[[[[[[[[[[[[[[[[[[[[[[[[[[[[[[[[[[[[[[[1]]]]]]]]]]]]]]]]]]]]]]]]]]]]]]]]]]]]]]]]]]]]]]]]]]]]]]]]]]]]]]]]]]]]]]]]]]]]]]]]]]]]]]]]]]]]]]]]]]]],SUCCESS,e26480e90db7bcf7300ee3aa84b2c2e6e5b14be5d155894aa7afeae2d259f093,505,,,1,STABLE_SUCCESS,1,0,1
PY-03,complexity,COMPLEXITY-07,Nested tuple - 10 levels,"((((((((((1,),),),),),),),),),)",SUCCESS,e8cadf29a13449fbc9cff52363ff5850d3d1b36cd6a00f023f3efd4f074d75a3,25,,,1,STABLE_SUCCESS,1,0,1
PY-03,complexity,COMPLEXITY-08,Nested tuple - 50 levels,"((((((((((((((((((((((((((((((((((((((((((((((((((1,),),),),),),),),),),),),),),),),),),),),),),),),),),),),),),),),),),),),),),),),),),),),),),),),),)",SUCCESS,eb34b39885140c354fed9fb0a9f0901973d8c9e94058688b7328db36c3d29f72,105,,,1,STABLE_SUCCESS,1,0,1
PY-03,complexity,COMPLEXITY-09,Nested tuple - 100 levels,"((((((((((((((((((((((((((((((((((((((((((((((((((((((((((((((((((((((((((((((((((((((((((((((((((((1,),),),),),),),),),),),),),),),),),),),),),),),),),),),),),),),),),),),),),),),),),),),),),),),),),),),),),),),),),),),),),),),),),),),),),),),),),),),),),),),),),),),),),),),),),),),),),),),),),),),...<truncated>",SUCCESS,b550b8a09ffc7357db773ae0e34cdf28575176694ed050a5f44bd050f942696c,205,,,1,STABLE_SUCCESS,1,0,1
PY-03,complexity,COMPLEXITY-10,Nested dict - 10 levels,{'level_9': {'level_8': {'level_7': {'level_6': {'level_5': {'level_4': {'level_3': {'level_2': {'level_1': {'level_0': 1}}}}}}}}}},SUCCESS,d89709c401f8d34887a4425207726fb1211d4d4e0ba256648fc0b6c3c7456b70,115,,,1,STABLE_SUCCESS,1,0,1
PY-03,complexity,COMPLEXITY-11,Nested dict - 50 levels,{'level_49': {'level_48': {'level_47': {'level_46': {'level_45': {'level_44': {'level_43': {'level_42': {'level_41': {'level_40': {'level_39': {'level_38': {'level_37': {'level_36': {'level_35': {'level_34': {'level_33': {'level_32': {'level_31': {'level_30': {'level_29': {'level_28': {'level_27': {...<truncated>,SUCCESS,9c85c739041111d35f9977224e395728bd5b60571984101ef8743874f342fca8,595,,,1,STABLE_SUCCESS,1,0,1
PY-03,complexity,COMPLEXITY-12,Nested dict - 100 levels,{'level_99': {'level_98': {'level_97': {'level_96': {'level_95': {'level_94': {'level_93': {'level_92': {'level_91': {'level_90': {'level_89': {'level_88': {'level_87': {'level_86': {'level_85': {'level_84': {'level_83': {'level_82': {'level_81': {'level_80': {'level_79': {'level_78': {'level_77': {...<truncated>,SUCCESS,e5efea7baadea3fb07979796ec5637d1e933f69ccf202b81dea282e644045c31,1195,,,1,STABLE_SUCCESS,1,0,1
PY-03,complexity,COMPLEXITY-13,Large list - range(1000),"[0, 1, 2, 3, 4, 5, 6, 7, 8, 9, 10, 11, 12, 13, 14, 15, 16, 17, 18, 19, 20, 21, 22, 23, 24, 25, 26, 27, 28, 29, 30, 31, 32, 33, 34, 35, 36, 37, 38, 39, 40, 41, 42, 43, 44, 45, 46, 47, 48, 49, 50, 51, 52, 53, 54, 55, 56, 57, 58, 59, 60, 61, 62, 63, 64, 65, 66, 67, 68, 69, 70, 71, 72, 73, 74, 75, 76, 7...<truncated>",SUCCESS,56bd07653c06de22611041c7eab196c75ad0617b2c6e4f68dd8498c5dce38ce7,5005,,,1,STABLE_SUCCESS,1,0,1
PY-03,complexity,COMPLEXITY-14,Large list - range(10000),"[0, 1, 2, 3, 4, 5, 6, 7, 8, 9, 10, 11, 12, 13, 14, 15, 16, 17, 18, 19, 20, 21, 22, 23, 24, 25, 26, 27, 28, 29, 30, 31, 32, 33, 34, 35, 36, 37, 38, 39, 40, 41, 42, 43, 44, 45, 46, 47, 48, 49, 50, 51, 52, 53, 54, 55, 56, 57, 58, 59, 60, 61, 62, 63, 64, 65, 66, 67, 68, 69, 70, 71, 72, 73, 74, 75, 76, 7...<truncated>",SUCCESS,25a8071b06d2c9412681b092206b5a6c1ae7516364681a5f8de832a2dd87cf3f,50005,,,1,STABLE_SUCCESS,1,0,1
PY-03,complexity,COMPLEXITY-15,Large list - range(50000),"[0, 1, 2, 3, 4, 5, 6, 7, 8, 9, 10, 11, 12, 13, 14, 15, 16, 17, 18, 19, 20, 21, 22, 23, 24, 25, 26, 27, 28, 29, 30, 31, 32, 33, 34, 35, 36, 37, 38, 39, 40, 41, 42, 43, 44, 45, 46, 47, 48, 49, 50, 51, 52, 53, 54, 55, 56, 57, 58, 59, 60, 61, 62, 63, 64, 65, 66, 67, 68, 69, 70, 71, 72, 73, 74, 75, 76, 7...<truncated>",SUCCESS,4051f5f1f67c381f2d69f60536d482dc1855393a4978933d2dfe2190fe0f9485,250005,,,1,STABLE_SUCCESS,1,0,1
PY-03,complexity,COMPLEXITY-16,Large tuple - range(1000),"(0, 1, 2, 3, 4, 5, 6, 7, 8, 9, 10, 11, 12, 13, 14, 15, 16, 17, 18, 19, 20, 21, 22, 23, 24, 25, 26, 27, 28, 29, 30, 31, 32, 33, 34, 35, 36, 37, 38, 39, 40, 41, 42, 43, 44, 45, 46, 47, 48, 49, 50, 51, 52, 53, 54, 55, 56, 57, 58, 59, 60, 61, 62, 63, 64, 65, 66, 67, 68, 69, 70, 71, 72, 73, 74, 75, 76, 7...<truncated>",SUCCESS,445b652c941e9c4865627990f4f933f1c7f6946fe8d0f016f94b61080b202ae1,5005,,,1,STABLE_SUCCESS,1,0,1
PY-03,complexity,COMPLEXITY-17,Large tuple - range(10000),"(0, 1, 2, 3, 4, 5, 6, 7, 8, 9, 10, 11, 12, 13, 14, 15, 16, 17, 18, 19, 20, 21, 22, 23, 24, 25, 26, 27, 28, 29, 30, 31, 32, 33, 34, 35, 36, 37, 38, 39, 40, 41, 42, 43, 44, 45, 46, 47, 48, 49, 50, 51, 52, 53, 54, 55, 56, 57, 58, 59, 60, 61, 62, 63, 64, 65, 66, 67, 68, 69, 70, 71, 72, 73, 74, 75, 76, 7...<truncated>",SUCCESS,68957a1941acf45c7a29b92c5bf1e50696a66d323a84dbc3013f4ac540bbd784,50005,,,1,STABLE_SUCCESS,1,0,1
PY-03,complexity,COMPLEXITY-18,Large tuple - range(50000),"(0, 1, 2, 3, 4, 5, 6, 7, 8, 9, 10, 11, 12, 13, 14, 15, 16, 17, 18, 19, 20, 21, 22, 23, 24, 25, 26, 27, 28, 29, 30, 31, 32, 33, 34, 35, 36, 37, 38, 39, 40, 41, 42, 43, 44, 45, 46, 47, 48, 49, 50, 51, 52, 53, 54, 55, 56, 57, 58, 59, 60, 61, 62, 63, 64, 65, 66, 67, 68, 69, 70, 71, 72, 73, 74, 75, 76, 7...<truncated>",SUCCESS,6c9695868aa19fac84bbb9824390f7589388f3fb0ae61d14377bb741b03a1bed,250005,,,1,STABLE_SUCCESS,1,0,1
PY-03,complexity,COMPLEXITY-19,Large dict - 1000 items,"{'key_0': 0, 'key_1': 1, 'key_2': 2, 'key_3': 3, 'key_4': 4, 'key_5': 5, 'key_6': 6, 'key_7': 7, 'key_8': 8, 'key_9': 9, 'key_10': 10, 'key_11': 11, 'key_12': 12, 'key_13': 13, 'key_14': 14, 'key_15': 15, 'key_16': 16, 'key_17': 17, 'key_18': 18, 'key_19': 19, 'key_20': 20, 'key_21': 21, 'key_22': 2...<truncated>",SUCCESS,ec97f81eadf0f8672c7e9a12451f299b813939da0cc23b32a21ad15f8920546f,13892,,,1,STABLE_SUCCESS,1,0,1
PY-03,complexity,COMPLEXITY-20,Large dict - 10000 items,"{'key_0': 0, 'key_1': 1, 'key_2': 2, 'key_3': 3, 'key_4': 4, 'key_5': 5, 'key_6': 6, 'key_7': 7, 'key_8': 8, 'key_9': 9, 'key_10': 10, 'key_11': 11, 'key_12': 12, 'key_13': 13, 'key_14': 14, 'key_15': 15, 'key_16': 16, 'key_17': 17, 'key_18': 18, 'key_19': 19, 'key_20': 20, 'key_21': 21, 'key_22': 2...<truncated>",SUCCESS,d3a738f33f2ccdf4a5979c88466b19f75772cffdf3dd9cd1bcb3ad0b365e6012,148892,,,1,STABLE_SUCCESS,1,0,1
PY-03,complexity,COMPLEXITY-21,Large dict - 50000 items,"{'key_0': 0, 'key_1': 1, 'key_2': 2, 'key_3': 3, 'key_4': 4, 'key_5': 5, 'key_6': 6, 'key_7': 7, 'key_8': 8, 'key_9': 9, 'key_10': 10, 'key_11': 11, 'key_12': 12, 'key_13': 13, 'key_14': 14, 'key_15': 15, 'key_16': 16, 'key_17': 17, 'key_18': 18, 'key_19': 19, 'key_20': 20, 'key_21': 21, 'key_22': 2...<truncated>",SUCCESS,75feef8d223449eb869135e48ae8f27846a8a5ddb572c2c1c542865841b9f9e0,788892,,,1,STABLE_SUCCESS,1,0,1
PY-03,complexity,COMPLEXITY-22,Large set - range(1000),"{0, 1, 2, 3, 4, 5, 6, 7, 8, 9, 10, 11, 12, 13, 14, 15, 16, 17, 18, 19, 20, 21, 22, 23, 24, 25, 26, 27, 28, 29, 30, 31, 32, 33, 34, 35, 36, 37, 38, 39, 40, 41, 42, 43, 44, 45, 46, 47, 48, 49, 50, 51, 52, 53, 54, 55, 56, 57, 58, 59, 60, 61, 62, 63, 64, 65, 66, 67, 68, 69, 70, 71, 72, 73, 74, 75, 76, 7...<truncated>",SUCCESS,e8b7d7674efb3814cd3db49626ee94374ca496c8bded0994b077e5b4ae257114,5005,,,1,STABLE_SUCCESS,1,0,1
PY-03,complexity,COMPLEXITY-23,Large set - range(10000),"{0, 1, 2, 3, 4, 5, 6, 7, 8, 9, 10, 11, 12, 13, 14, 15, 16, 17, 18, 19, 20, 21, 22, 23, 24, 25, 26, 27, 28, 29, 30, 31, 32, 33, 34, 35, 36, 37, 38, 39, 40, 41, 42, 43, 44, 45, 46, 47, 48, 49, 50, 51, 52, 53, 54, 55, 56, 57, 58, 59, 60, 61, 62, 63, 64, 65, 66, 67, 68, 69, 70, 71, 72, 73, 74, 75, 76, 7...<truncated>",SUCCESS,5ddd8773a59fa087f16f2357df12e973854af8ae5fe254763863e24fc34bf376,50005,,,1,STABLE_SUCCESS,1,0,1
PY-03,complexity,COMPLEXITY-24,Large frozenset - range(10000),"frozenset({0, 1, 2, 3, 4, 5, 6, 7, 8, 9, 10, 11, 12, 13, 14, 15, 16, 17, 18, 19, 20, 21, 22, 23, 24, 25, 26, 27, 28, 29, 30, 31, 32, 33, 34, 35, 36, 37, 38, 39, 40, 41, 42, 43, 44, 45, 46, 47, 48, 49, 50, 51, 52, 53, 54, 55, 56, 57, 58, 59, 60, 61, 62, 63, 64, 65, 66, 67, 68, 69, 70, 71, 72, 73, 74,...<truncated>",SUCCESS,b91fd093376e653266e2a0cd27e7f58e1930c81927a47af6077b7ec519362d2b,50005,,,1,STABLE_SUCCESS,1,0,1
PY-03,complexity,COMPLEXITY-25,Long normal string,'aaaaaaaaaaaaaaaaaaaaaaaaaaaaaaaaaaaaaaaaaaaaaaaaaaaaaaaaaaaaaaaaaaaaaaaaaaaaaaaaaaaaaaaaaaaaaaaaaaaaaaaaaaaaaaaaaaaaaaaaaaaaaaaaaaaaaaaaaaaaaaaaaaaaaaaaaaaaaaaaaaaaaaaaaaaaaaaaaaaaaaaaaaaaaaaaaaaaaaaaaaaaaaaaaaaaaaaaaaaaaaaaaaaaaaaaaaaaaaaaaaaaaaaaaaaaaaaaaaaaaaaaaaaaaaaaaaaaaaaaaaaaaaaaaaaaaaaaaaa...<truncated>,SUCCESS,a00171ff66acbfb8cfc2bbff3ed7cbd17e70df879ca5a1641294b02a43ebb214,100005,,,1,STABLE_SUCCESS,1,0,1
PY-03,complexity,COMPLEXITY-26,Long Unicode string,'中文😀中文😀中文😀中文😀中文😀中文😀中文😀中文😀中文😀中文😀中文😀中文😀中文😀中文😀中文😀中文😀中文😀中文😀中文😀中文😀中文😀中文😀中文😀中文😀中文😀中文😀中文😀中文😀中文😀中文😀中文😀中文😀中文😀中文😀中文😀中文😀中文😀中文😀中文😀中文😀中文😀中文😀中文😀中文😀中文😀中文😀中文😀中文😀中文😀中文😀中文😀中文😀中文😀中文😀中文😀中文😀中文😀中文😀中文😀中文😀中文😀中文😀中文😀中文😀中文😀中文😀中文😀中文😀中文😀中文😀中文😀中文😀中文😀中文😀中文😀中文😀中文😀中文😀中文😀中文😀中文😀中文😀中文😀中文😀中文😀中文😀中文😀中文😀中文😀中文😀中文😀中文😀中文😀中文😀中文😀中文😀中文😀中文😀中文😀中文...<truncated>,SUCCESS,e1796ecab3c7491ac46121a9d522c7ea219a7ad84fe7be8f98f45c6bc79847d6,100005,,,1,STABLE_SUCCESS,1,0,1
PY-03,complexity,COMPLEXITY-27,Large bytes - bytes(range(256)) * 1000,"b'\x00\x01\x02\x03\x04\x05\x06\x07\x08\t\n\x0b\x0c\r\x0e\x0f\x10\x11\x12\x13\x14\x15\x16\x17\x18\x19\x1a\x1b\x1c\x1d\x1e\x1f !""#$%&\'()*+,-./0123456789:;<=>?@ABCDEFGHIJKLMNOPQRSTUVWXYZ[\\]^_`abcdefghijklmnopqrstuvwxyz{|}~\x7f\x80\x81\x82\x83\x84\x85\x86\x87\x88\x89\x8a\x8b\x8c\x8d\x8e\x8f\x90\x91\x9...<truncated>",SUCCESS,33cf4d19bd7a4efd0b2732057e37c06616690b9af681dc4134e081d041ad5ef9,256005,,,1,STABLE_SUCCESS,1,0,1
PY-03,complexity,COMPLEXITY-28,Large bytes - 1MB zero bytes,b'\x00\x00\x00\x00\x00\x00\x00\x00\x00\x00\x00\x00\x00\x00\x00\x00\x00\x00\x00\x00\x00\x00\x00\x00\x00\x00\x00\x00\x00\x00\x00\x00\x00\x00\x00\x00\x00\x00\x00\x00\x00\x00\x00\x00\x00\x00\x00\x00\x00\x00\x00\x00\x00\x00\x00\x00\x00\x00\x00\x00\x00\x00\x00\x00\x00\x00\x00\x00\x00\x00\x00\x00\x00\x00\x...<truncated>,SUCCESS,5213fc501436f77d9d5c161294a7f6e87d902475392c71212e7fe4b56772a037,1048581,,,1,STABLE_SUCCESS,1,0,1
PY-03,complexity,COMPLEXITY-29,Repeated reference list,"[[1, 2, 3], [1, 2, 3], [1, 2, 3]]",SUCCESS,01d25824309ae12677fcff04d7d7b34f0357a5125e8de4dc4d41a793f16bb543,35,,,1,STABLE_SUCCESS,1,0,1
PY-03,complexity,COMPLEXITY-30,Mixed complex structure - 100 items,"[{'id': 0, 'name': 'item_0', 'active': True, 'score': 0.5, 'data': [0, 1, 2], 'extra': {'none': None, 'bytes': b'\x00', 'tuple': (0, '0', False)}}, {'id': 1, 'name': 'item_1', 'active': False, 'score': 1.5, 'data': [1, 2, 3], 'extra': {'none': None, 'bytes': b'\x01', 'tuple': (1, '1', False)}}, {'id...<truncated>",SUCCESS,9d5fd0289cff4b547d48975458a4cdb69b3d3caab1c39910247d46e651511d40,11198,,,1,STABLE_SUCCESS,1,0,1
PY-03,complexity,COMPLEXITY-31,Mixed complex structure - 1000 items,"[{'id': 0, 'name': 'item_0', 'active': True, 'score': 0.5, 'data': [0, 1, 2], 'extra': {'none': None, 'bytes': b'\x00', 'tuple': (0, '0', False)}}, {'id': 1, 'name': 'item_1', 'active': False, 'score': 1.5, 'data': [1, 2, 3], 'extra': {'none': None, 'bytes': b'\x01', 'tuple': (1, '1', False)}}, {'id...<truncated>",SUCCESS,b1b6db45b05c57dc189fc5b73ad316d7600e54577dcca79ccf0caa3c73974bee,113054,,,1,STABLE_SUCCESS,1,0,1
PY-03,complexity,COMPLEXITY-32,Complex dict - list values,"{'key_0': [0, 1, 2, 3, 4, 5, 6, 7, 8, 9, 10, 11, 12, 13, 14, 15, 16, 17, 18, 19], 'key_1': [0, 1, 2, 3, 4, 5, 6, 7, 8, 9, 10, 11, 12, 13, 14, 15, 16, 17, 18, 19], 'key_2': [0, 1, 2, 3, 4, 5, 6, 7, 8, 9, 10, 11, 12, 13, 14, 15, 16, 17, 18, 19], 'key_3': [0, 1, 2, 3, 4, 5, 6, 7, 8, 9, 10, 11, 12, 13, ...<truncated>",SUCCESS,065497fda4a07785046c43639cd90cbedc134a05d54eeeba6d05f2ff6e2623e5,113892,,,1,STABLE_SUCCESS,1,0,1
PY-03,complexity,COMPLEXITY-33,Complex dict - tuple values,"{'key_0': (0, 1, 2, 3, 4, 5, 6, 7, 8, 9, 10, 11, 12, 13, 14, 15, 16, 17, 18, 19), 'key_1': (0, 1, 2, 3, 4, 5, 6, 7, 8, 9, 10, 11, 12, 13, 14, 15, 16, 17, 18, 19), 'key_2': (0, 1, 2, 3, 4, 5, 6, 7, 8, 9, 10, 11, 12, 13, 14, 15, 16, 17, 18, 19), 'key_3': (0, 1, 2, 3, 4, 5, 6, 7, 8, 9, 10, 11, 12, 13, ...<truncated>",SUCCESS,acbe2b53db18bc31e6c45c8302b5105206181e28567cefe2d12082454f69a4d2,110892,,,1,STABLE_SUCCESS,1,0,1
PY-03,complexity,COMPLEXITY-34,Complex list - dict elements,"[{'id': 0, 'value': 'text_0'}, {'id': 1, 'value': 'text_1'}, {'id': 2, 'value': 'text_2'}, {'id': 3, 'value': 'text_3'}, {'id': 4, 'value': 'text_4'}, {'id': 5, 'value': 'text_5'}, {'id': 6, 'value': 'text_6'}, {'id': 7, 'value': 'text_7'}, {'id': 8, 'value': 'text_8'}, {'id': 9, 'value': 'text_9'},...<truncated>",SUCCESS,6cf1fb698fa517aaf2ab5060c161144f90fde9b572ffb1f92755a654b76cc7da,138896,,,1,STABLE_SUCCESS,1,0,1
PY-03,code,CODE-01,Code object - no args,"<code object f at 0x000001465A1CE0B0, file ""<test>"", line 1>",SUCCESS,3be4f5abee4e3586414fc9cf44db53a73a9213a3cb8c7aa3479f251561cd2401,79,,,10,STABLE_SUCCESS,10,0,1
PY-03,code,CODE-02,Code object - positional arg,"<code object f at 0x000001465A1CE180, file ""<test>"", line 1>",SUCCESS,281aece5f1e3a7d5cded20105acee6707ceb6731fa61b0e310a725972f505f24,84,,,10,STABLE_SUCCESS,10,0,1
PY-03,code,CODE-03,Code object - default args,1,SUCCESS,59e562517a08b1f9edb930c1553aaf2e6947c1000705dfa4ed20b03b29363da1,5,,,10,STABLE_SUCCESS,10,0,1
PY-03,code,CODE-04,Code object - *args,"<code object f at 0x000001465A1CE250, file ""<test>"", line 1>",SUCCESS,0a9aae715c5f9de5cf71c6ac4ffaed5c95b23724092e85b6ce900a40e69996ee,87,,,10,STABLE_SUCCESS,10,0,1
PY-03,code,CODE-05,Code object - **kwargs,"<code object f at 0x000001465A1CE320, file ""<test>"", line 1>",SUCCESS,f99070947b68c82ed9873028334b6a545e3f42e0aabcf081a6e5055ada00edae,85,,,10,STABLE_SUCCESS,10,0,1
PY-03,code,CODE-06,Code object - all arg types,2,SUCCESS,01f12e38d292e4ebd433853550ad5e2a55b750603b5b68e30cdb4d3a39f19615,5,,,10,STABLE_SUCCESS,10,0,1
PY-03,code,CODE-07,Code object - keyword-only args,4,SUCCESS,e19dbb199e70b46ca05deec39733175c320784e6ee899ecddc66aa964a3ecd2b,5,,,10,STABLE_SUCCESS,10,0,1
PY-03,code,CODE-08,Code object - closure,None,SUCCESS,8ce86a6ae65d3692e7305e2c58ac62eebd97d3d943e093f577da25c36988246b,1,,,10,STABLE_SUCCESS,10,0,1
PY-03,code,CODE-09,Code object - generator,"<code object gen at 0x000001465753F030, file ""<test>"", line 1>",SUCCESS,611905a564397b676c866d517d2506d152b98d03f5629a1cf6e94b4e1d8b924d,162,,,10,STABLE_SUCCESS,10,0,1
PY-03,code,CODE-10,Code object - async function,"<code object foo at 0x000001465A1CE3F0, file ""<test>"", line 1>",SUCCESS,df52816d9602740af4d9fdfe4b57413aad1d2e96b006a10f87a9c123aecbb20d,102,,,10,STABLE_SUCCESS,10,0,1
PY-03,code,CODE-11,Code object - annotations,'ok',SUCCESS,f7ecd3a39814df60fbbead376407fe08e2326dd7467f1f4889cb7e3ec82a548b,4,,,10,STABLE_SUCCESS,10,0,1
PY-03,code,CODE-12,Code object - lambda,"<code object <module> at 0x000001465A1CE590, file ""<test>"", line 1>",SUCCESS,5d377a4992914dafb8aaf88bc4f5f2c107ce4eec57c43775c084a1a6570d4859,210,,,10,STABLE_SUCCESS,10,0,1
PY-03,code,CODE-13,Code object - if-else conditional,"<code object <module> at 0x0000014658E597D0, file ""<test>"", line 1>",SUCCESS,ce805f9c962d3949d215cd5a4b9dfa4d5d77a91b5ac06ae3522d0d592710969d,151,,,10,STABLE_SUCCESS,10,0,1
PY-03,code,CODE-14,Code object - for loop,"<code object <module> at 0x00000146574DA1F0, file ""<test>"", line 1>",SUCCESS,abad7d853c55ce8a05c6673d77c50d4d48301bb8761b92d67bf1b9a7e43f20a9,175,,,10,STABLE_SUCCESS,10,0,1
PY-03,code,CODE-15,Code object - complex control flow,"<code object f at 0x0000014658E46310, file ""<test>"", line 1>",SUCCESS,67790b5b106d0f1f47f7b57f986a8a9d1b60754fd439838b9b7e27f2c1522f5e,282,,,10,STABLE_SUCCESS,10,0,1
PY-03,code,CODE-16,Code object - eval expression,"<code object <module> at 0x000001465A1CE660, file ""<test>"", line 1>",SUCCESS,cb5adbfb8789d13127091e829e6309df04e3956a59fbf3eef8b2a3b24efee3ef,94,,,10,STABLE_SUCCESS,10,0,1
PY-03,code,CODE-17,Code object - multiline statements,"<code object <module> at 0x0000014658E59A70, file ""<test>"", line 1>",SUCCESS,d1ce9afad5cc1a9e1d74cc242ff4347c534e62a13435262830409d9ae13311d2,128,,,10,STABLE_SUCCESS,10,0,1
PY-03,code,CODE-18,Code object - try/except block,"<code object <module> at 0x00000146574DB5A0, file ""<test>"", line 1>",SUCCESS,cacd460f4830f821974bf6356ef9c7648a340560ff0c3aae94bb95609e046cae,200,,,10,STABLE_SUCCESS,10,0,1
PY-03,code,CODE-19,Code object - class definition,"<code object <module> at 0x0000014658E59FB0, file ""<test>"", line 1>",SUCCESS,a99283c53b71355389c31be7ce9edb29999c6ab11d266ef1a8cc2afb90189b5d,359,,,10,STABLE_SUCCESS,10,0,1
PY-03,code,CODE-20,Code object - unicode source,"<code object <module> at 0x000001465A1CE800, file ""<test>"", line 1>",SUCCESS,c66e03f6bca5c5565cccf5f6dc246219704cb06e912cb9f82e93dc1f27e7842f,111,,,10,STABLE_SUCCESS,10,0,1
PY-03,code,CODE-21,Code object - empty body,"<code object empty at 0x000001465A1CE8D0, file ""<test>"", line 1>",SUCCESS,fa0d769d9668f07bb4ced1a021ca5c597b3735b3c49ec122df5d5189224af77b,83,,,10,STABLE_SUCCESS,10,0,1
PY-03,code,CODE-22,Code object - mixed constants tuple,"<code object <module> at 0x000001465A1CE9A0, file ""<test>"", line 1>",SUCCESS,707abefda0f4c43ff98f923b8d64603ebb26e28820a1223130cdc5d4a85f0dde,119,,,10,STABLE_SUCCESS,10,0,1
PY-03,nested,NEST-01,Simple nested list,"[[1, 2], [3, 4]]",SUCCESS,b6163863d7c0b813f99253fc73985b8f9c25e1e179134cd916e34895fd0cb3c2,35,,,1,STABLE_SUCCESS,1,0,1
PY-03,nested,NEST-02,Nested dict,{'a': {'b': {'c': 1}}},SUCCESS,f699b9392ce45040c41adee916cf625e9f705f025746e288eb5760f64b4478dd,20,,,1,STABLE_SUCCESS,1,0,1
PY-03,nested,NEST-03,Mixed nested list/dict/tuple/None,"[{'a': [1, 2, 3]}, ('x', None)]",SUCCESS,77a0782a4adfb086bc3c0d0e27715112430404476ac71d867e57f3606fcf2159,36,,,1,STABLE_SUCCESS,1,0,1
PY-03,nested,NEST-04,Nested with float special values,"{'value': [1.0, inf, nan]}",SUCCESS,b99db3501613a83647116339a50e2cc1c0bdda709f9c8f6364c20bb62bbcb965,41,,,1,STABLE_SUCCESS,1,0,1
PY-03,nested,NEST-05,Deep nested list depth 5,[[[[[1]]]]],SUCCESS,668fab5433beffec300c69a7789063477eb4ea87929e77a582728d9f73566d06,30,,,1,STABLE_SUCCESS,1,0,1
PY-03,nested,NEST-06,List containing tuple,"[1, (2, 3), 4]",SUCCESS,3e4599b3e6c14170f94bcf8081dd91388314913d5c3f75ce357f0645d6b2d5b2,27,,,1,STABLE_SUCCESS,1,0,1
PY-03,nested,NEST-07,Tuple containing list,"(1, [2, 3], 4)",SUCCESS,b5b1c5c9619d21e55e0c7d1954f58dba64e10ff9a79112d753f87f52240e9b5e,27,,,1,STABLE_SUCCESS,1,0,1
PY-03,nested,NEST-08,Dict containing list and tuple,"{'list': [1, 2], 'tuple': (3, 4)}",SUCCESS,1de05e67326e7035a9735445de0b8e20307954182f4c90aa060c4d78305acce4,42,,,1,STABLE_SUCCESS,1,0,1
PY-03,nested,NEST-09,Dict containing set,"{'s': {1, 2, 3}}",SUCCESS,cd293f673413ea618ecb326cfad2ac53876a06a8b685bb3907640bfc57297fc7,25,,,1,STABLE_SUCCESS,1,0,1
PY-03,nested,NEST-10,List containing frozenset,"[frozenset({1, 2, 3})]",SUCCESS,ca87344066ca9356dbd6af1bbd966ea8553a6e6ad9dd43edfa4adde031d4e1af,25,,,1,STABLE_SUCCESS,1,0,1
PY-03,nested,NEST-11,Empty nested containers,"[[], {}, (), set()]",SUCCESS,bff9f3bf0135c6073d116453ae9230b5f62bdc4c550652e3bac633a5a5bf4628,19,,,1,STABLE_SUCCESS,1,0,1
PY-03,nested,NEST-12,Complex mixed nested structure,"{'a': [1, {'b': (None, True, 3.14)}]}",SUCCESS,86df5dc7f560f44ace95e8dae2a355ffdc67065b60a7dec718a8a9e405c0ac8c,33,,,1,STABLE_SUCCESS,1,0,1
PY-03,nested,NEST-13,Deep nested list depth 500 (within limit),[[[[[[[[[[[[[[[[[[[[[[[[[[[[[[[[[[[[[[[[[[[[[[[[[[[[[[[[[[[[[[[[[[[[[[[[[[[[[[[[[[[[[[[[[[[[[[[[[[[[[[[[[[[[[[[[[[[[[[[[[[[[[[[[[[[[[[[[[[[[[[[[[[[[[[[[[[[[[[[[[[[[[[[[[[[[[[[[[[[[[[[[[[[[[[[[[[[[[[[[[[[[[[[[[[[[[[[[[[[[[[[[[[[[[[[[[[[[[[[[[[[[[[[[[[[[[[[[[[[[[[[[[[[[[[[[[[[[[[[[[[[[[[[[[[[[[[[[[[[[...<truncated>,SUCCESS,0f38b11aff1e6cc528b02a59975c816cd8d68ade0c1b157fb3b7793a1daed966,2505,,,1,STABLE_SUCCESS,1,0,1
PY-03,nested,NEST-14,Deep nested list depth 1999 (near limit),[[[[[[[[[[[[[[[[[[[[[[[[[[[[[[[[[[[[[[[[[[[[[[[[[[[[[[[[[[[[[[[[[[[[[[[[[[[[[[[[[[[[[[[[[[[[[[[[[[[[[[[[[[[[[[[[[[[[[[[[[[[[[[[[[[[[[[[[[[[[[[[[[[[[[[[[[[[[[[[[[[[[[[[[[[[[[[[[[[[[[[[[[[[[[[[[[[[[[[[[[[[[[[[[[[[[[[[[[[[[[[[[[[[[[[[[[[[[[[[[[[[[[[[[[[[[[[[[[[[[[[[[[[[[[[[[[[[[[[[[[[[[[[[[[[[[[[[[[[[[...<truncated>,EXCEPTION,,,ValueError,object too deeply nested to marshal,1,STABLE_EXCEPTION,0,1,0
PY-03,nested,NEST-15,"Deep nested list depth 2001 (exceed limit, expect RecursionError)",[[[[[[[[[[[[[[[[[[[[[[[[[[[[[[[[[[[[[[[[[[[[[[[[[[[[[[[[[[[[[[[[[[[[[[[[[[[[[[[[[[[[[[[[[[[[[[[[[[[[[[[[[[[[[[[[[[[[[[[[[[[[[[[[[[[[[[[[[[[[[[[[[[[[[[[[[[[[[[[[[[[[[[[[[[[[[[[[[[[[[[[[[[[[[[[[[[[[[[[[[[[[[[[[[[[[[[[[[[[[[[[[[[[[[[[[[[[[[[[[[[[[[[[[[[[[[[[[[[[[[[[[[[[[[[[[[[[[[[[[[[[[[[[[[[[[[[[[[[[[...<truncated>,EXCEPTION,,,ValueError,object too deeply nested to marshal,1,STABLE_EXCEPTION,0,1,0
PY-03,nested,NEST-16,Large list 100000 elements,"[0, 0, 0, 0, 0, 0, 0, 0, 0, 0, 0, 0, 0, 0, 0, 0, 0, 0, 0, 0, 0, 0, 0, 0, 0, 0, 0, 0, 0, 0, 0, 0, 0, 0, 0, 0, 0, 0, 0, 0, 0, 0, 0, 0, 0, 0, 0, 0, 0, 0, 0, 0, 0, 0, 0, 0, 0, 0, 0, 0, 0, 0, 0, 0, 0, 0, 0, 0, 0, 0, 0, 0, 0, 0, 0, 0, 0, 0, 0, 0, 0, 0, 0, 0, 0, 0, 0, 0, 0, 0, 0, 0, 0, 0, 0, 0, 0, 0, 0, 0,...<truncated>",SUCCESS,0a3883537de24a4c54be6f1248492204102efceadee7cfd6053b14dee429f4a7,500005,,,1,STABLE_SUCCESS,1,0,1
PY-03,nested,NEST-17,Large dict 100000 integer keys,"{0: 0, 1: 1, 2: 2, 3: 3, 4: 4, 5: 5, 6: 6, 7: 7, 8: 8, 9: 9, 10: 10, 11: 11, 12: 12, 13: 13, 14: 14, 15: 15, 16: 16, 17: 17, 18: 18, 19: 19, 20: 20, 21: 21, 22: 22, 23: 23, 24: 24, 25: 25, 26: 26, 27: 27, 28: 28, 29: 29, 30: 30, 31: 31, 32: 32, 33: 33, 34: 34, 35: 35, 36: 36, 37: 37, 38: 38, 39: 39,...<truncated>",SUCCESS,6acb02aa048c91cc507641df26239b7209c65355a671a730c0e46faa41a6ca9e,1000002,,,1,STABLE_SUCCESS,1,0,1
PY-03,nested,NEST-18,Large set 100000 integers,"{0, 1, 2, 3, 4, 5, 6, 7, 8, 9, 10, 11, 12, 13, 14, 15, 16, 17, 18, 19, 20, 21, 22, 23, 24, 25, 26, 27, 28, 29, 30, 31, 32, 33, 34, 35, 36, 37, 38, 39, 40, 41, 42, 43, 44, 45, 46, 47, 48, 49, 50, 51, 52, 53, 54, 55, 56, 57, 58, 59, 60, 61, 62, 63, 64, 65, 66, 67, 68, 69, 70, 71, 72, 73, 74, 75, 76, 7...<truncated>",SUCCESS,e571a095159bb54a92f9b64bcb82007b923815b764f27b9462ed310c2e420bf1,500005,,,1,STABLE_SUCCESS,1,0,1
PY-03,nested,NEST-19,Large tuple 100000 integers,"(0, 1, 2, 3, 4, 5, 6, 7, 8, 9, 10, 11, 12, 13, 14, 15, 16, 17, 18, 19, 20, 21, 22, 23, 24, 25, 26, 27, 28, 29, 30, 31, 32, 33, 34, 35, 36, 37, 38, 39, 40, 41, 42, 43, 44, 45, 46, 47, 48, 49, 50, 51, 52, 53, 54, 55, 56, 57, 58, 59, 60, 61, 62, 63, 64, 65, 66, 67, 68, 69, 70, 71, 72, 73, 74, 75, 76, 7...<truncated>",SUCCESS,3414b3848c370bee3145b2e6b50e187de3e8d8573e27600bc02100e21793105d,500005,,,1,STABLE_SUCCESS,1,0,1
PY-03,nested,NEST-20,Shared reference list (same object repeated),"[[1, 2, 3], [1, 2, 3], [1, 2, 3]]",SUCCESS,01d25824309ae12677fcff04d7d7b34f0357a5125e8de4dc4d41a793f16bb543,35,,,1,STABLE_SUCCESS,1,0,1
PY-03,nested,NEST-21,Shared reference dict,"{'first': {'a': 1}, 'second': {'a': 1}}",SUCCESS,bae13a8c6daddafafcf55c62c36f20df69201b80330e683248690a6798e98c5c,32,,,1,STABLE_SUCCESS,1,0,1
PY-03,nested,NEST-22,Nested list containing huge string,['xxxxxxxxxxxxxxxxxxxxxxxxxxxxxxxxxxxxxxxxxxxxxxxxxxxxxxxxxxxxxxxxxxxxxxxxxxxxxxxxxxxxxxxxxxxxxxxxxxxxxxxxxxxxxxxxxxxxxxxxxxxxxxxxxxxxxxxxxxxxxxxxxxxxxxxxxxxxxxxxxxxxxxxxxxxxxxxxxxxxxxxxxxxxxxxxxxxxxxxxxxxxxxxxxxxxxxxxxxxxxxxxxxxxxxxxxxxxxxxxxxxxxxxxxxxxxxxxxxxxxxxxxxxxxxxxxxxxxxxxxxxxxxxxxxxxxxxxxx...<truncated>,SUCCESS,0e76ae2d7cc49e15632dbafe3c58a913365eaf0938d8f31c46384e4aea67e77b,1048596,,,1,STABLE_SUCCESS,1,0,1
PY-03,nested,NEST-23,Nested list containing huge bytes,[b'yyyyyyyyyyyyyyyyyyyyyyyyyyyyyyyyyyyyyyyyyyyyyyyyyyyyyyyyyyyyyyyyyyyyyyyyyyyyyyyyyyyyyyyyyyyyyyyyyyyyyyyyyyyyyyyyyyyyyyyyyyyyyyyyyyyyyyyyyyyyyyyyyyyyyyyyyyyyyyyyyyyyyyyyyyyyyyyyyyyyyyyyyyyyyyyyyyyyyyyyyyyyyyyyyyyyyyyyyyyyyyyyyyyyyyyyyyyyyyyyyyyyyyyyyyyyyyyyyyyyyyyyyyyyyyyyyyyyyyyyyyyyyyyyyyyyyyyyy...<truncated>,SUCCESS,36401de34f59117ffef110c91979ace18388c2f3f51debd5b114e5c9c2d4a96e,1048596,,,1,STABLE_SUCCESS,1,0,1
PY-03,nested,NEST-24,Frozenset order independence,"[frozenset({1, 2, 3}), frozenset({1, 2, 3})]",SUCCESS,bf9a48f3918899af42c6b8d9dd2c32cd277904949444066952319f1aaa8ee644,45,,,1,STABLE_SUCCESS,1,0,1
PY-03,cycle,CYCLE-01,Self-referential list,[[...]],SUCCESS,d77105626a6c7416c78bc6bb583d35560e158f58dac24718da9cf23f06e2fe85,10,,,1,STABLE_SUCCESS,1,0,1
PY-03,cycle,CYCLE-02,Self-referential dict,{'self': {...}},SUCCESS,ba5fe04b4870548bdc6cd91517781a0feb8150ef0ed35966a575fb1ef621bd55,13,,,1,STABLE_SUCCESS,1,0,1
PY-03,cycle,CYCLE-03,Indirect circular reference (list->list),[[[...]]],SUCCESS,552c907331146aa26eda871c57c9beda18650843c305f1751b4812905765c50e,15,,,1,STABLE_SUCCESS,1,0,1
PY-03,cycle,CYCLE-04,List and dict mutual reference,[{'ref': [...]}],SUCCESS,0cbaecff7ec9d18a7bf9c4182d6c1da392ddfdf924a2f91e3666ca57ec21462d,17,,,1,STABLE_SUCCESS,1,0,1
PY-03,cycle,CYCLE-05,Dict and list mutual reference (reverse),{'list': [{...}]},SUCCESS,2febeda9c03ed69c5d7236a8697b9e8f91b5523c5c885397203c6cb3823bf090,18,,,1,STABLE_SUCCESS,1,0,1
PY-03,cycle,CYCLE-06,Nested list with cycle,"[[1, 2, [...]]]",SUCCESS,737667bdc2d5dd252d74e0d397a72d1e108a4f83b9b8c41ac856bd5c7ec6b1e8,25,,,1,STABLE_SUCCESS,1,0,1
PY-03,cycle,CYCLE-07,Repeated reference without cycle,"[[1, 2], [1, 2]]",SUCCESS,3d3a1c53117f5e63a2c9c4fd5abd01dce44973675dfb457b85b0a795efdd6e1c,25,,,1,STABLE_SUCCESS,1,0,1
PY-03,cycle,CYCLE-08,Deep indirect cycle (3 levels),[[[[...]]]],SUCCESS,653d54ac13e7e66b4ebad2a97d2920f01fb1c4d873f4a302c02eea6d61e671e3,20,,,1,STABLE_SUCCESS,1,0,1
PY-03,cycle,CYCLE-09,Deep cycle length 10,[[[[[[[[[[[...]]]]]]]]]]],SUCCESS,2e75ce6e57cb5a1b5a0784e77a8dab1f678225bb8e58f8de4cf3f12a318f5b69,55,,,1,STABLE_SUCCESS,1,0,1
PY-03,cycle,CYCLE-10,Multiple cycles sharing a node,"[[[...]], [[...]]]",SUCCESS,1eafbb36ca1255429e3144ac2629935ba095ff63d21f8e9e636d8a48129f0dd9,25,,,1,STABLE_SUCCESS,1,0,1
PY-03,cycle,CYCLE-11,Cycle with NaN and Inf,"[nan, [inf, [...]]]",SUCCESS,1df80239147d32ad3b0b0281e7c29dba96c3d99302237271767ecbefbf89c4ce,33,,,1,STABLE_SUCCESS,1,0,1
PY-03,cycle,CYCLE-12,Cycle with large string payload,['bigbigbigbigbigbigbigbigbigbigbigbigbigbigbigbigbigbigbigbigbigbigbigbigbigbigbigbigbigbigbigbigbigbigbigbigbigbigbigbigbigbigbigbigbigbigbigbigbigbigbigbigbigbigbigbigbigbigbigbigbigbigbigbigbigbigbigbigbigbigbigbigbigbigbigbigbigbigbigbigbigbigbigbigbigbigbigbigbigbigbigbigbigbigbigbigbigbigbigb...<truncated>,SUCCESS,68cf8b51da6d6b04ff651c7a7ef6e09b094a8a5296760d050d68d49699c96d6b,300010,,,1,STABLE_SUCCESS,1,0,1
PY-03,cycle,CYCLE-13,Self-referential tuple (indirect),"([(1,), (...)],)",SUCCESS,bea3086bbf614d244accaa7b06051eafd3e92cd9e45f456b2aad9572a223608f,19,,,1,STABLE_SUCCESS,1,0,1
PY-03,cycle,CYCLE-14,Repeated dumps of same cycle object,[[...]],SUCCESS,d77105626a6c7416c78bc6bb583d35560e158f58dac24718da9cf23f06e2fe85,10,,,1,STABLE_SUCCESS,1,0,1
