case_group,test_id,test_name,hash_consistent_across_versions,PY-01_status,PY-01_final,PY-01_sha256,PY-02_status,PY-02_final,PY-02_sha256,PY-03_status,PY-03_final,PY-03_sha256,PY-04_status,PY-04_final,PY-04_sha256,PY-05_status,PY-05_final,PY-05_sha256
basic,BASIC-01,None type - None,YES,SUCCESS,STABLE_SUCCESS,8ce86a6ae65d3692e7305e2c58ac62eebd97d3d943e093f577da25c36988246b,SUCCESS,STABLE_SUCCESS,8ce86a6ae65d3692e7305e2c58ac62eebd97d3d943e093f577da25c36988246b,SUCCESS,STABLE_SUCCESS,8ce86a6ae65d3692e7305e2c58ac62eebd97d3d943e093f577da25c36988246b,SUCCESS,STABLE_SUCCESS,8ce86a6ae65d3692e7305e2c58ac62eebd97d3d943e093f577da25c36988246b,SUCCESS,STABLE_SUCCESS,8ce86a6ae65d3692e7305e2c58ac62eebd97d3d943e093f577da25c36988246b
basic,BASIC-02,Boolean type - True,YES,SUCCESS,STABLE_SUCCESS,e632b7095b0bf32c260fa4c539e9fd7b852d0de454e9be26f24d0d6f91d069d3,SUCCESS,STABLE_SUCCESS,e632b7095b0bf32c260fa4c539e9fd7b852d0de454e9be26f24d0d6f91d069d3,SUCCESS,STABLE_SUCCESS,e632b7095b0bf32c260fa4c539e9fd7b852d0de454e9be26f24d0d6f91d069d3,SUCCESS,STABLE_SUCCESS,e632b7095b0bf32c260fa4c539e9fd7b852d0de454e9be26f24d0d6f91d069d3,SUCCESS,STABLE_SUCCESS,e632b7095b0bf32c260fa4c539e9fd7b852d0de454e9be26f24d0d6f91d069d3
basic,BASIC-03,Boolean type - False,YES,SUCCESS,STABLE_SUCCESS,f67ab10ad4e4c53121b6a5fe4da9c10ddee905b978d3788d2723d7bfacbe28a9,SUCCESS,STABLE_SUCCESS,f67ab10ad4e4c53121b6a5fe4da9c10ddee905b978d3788d2723d7bfacbe28a9,SUCCESS,STABLE_SUCCESS,f67ab10ad4e4c53121b6a5fe4da9c10ddee905b978d3788d2723d7bfacbe28a9,SUCCESS,STABLE_SUCCESS,f67ab10ad4e4c53121b6a5fe4da9c10ddee905b978d3788d2723d7bfacbe28a9,SUCCESS,STABLE_SUCCESS,f67ab10ad4e4c53121b6a5fe4da9c10ddee905b978d3788d2723d7bfacbe28a9
basic,BASIC-04,Small integer - 0,YES,SUCCESS,STABLE_SUCCESS,e8ebd827d1f36d7cfa5e5220610aa6370284d1589989363f48ac40166362d449,SUCCESS,STABLE_SUCCESS,e8ebd827d1f36d7cfa5e5220610aa6370284d1589989363f48ac40166362d449,SUCCESS,STABLE_SUCCESS,e8ebd827d1f36d7cfa5e5220610aa6370284d1589989363f48ac40166362d449,SUCCESS,STABLE_SUCCESS,e8ebd827d1f36d7cfa5e5220610aa6370284d1589989363f48ac40166362d449,SUCCESS,STABLE_SUCCESS,e8ebd827d1f36d7cfa5e5220610aa6370284d1589989363f48ac40166362d449
basic,BASIC-05,Small integer - 1,YES,SUCCESS,STABLE_SUCCESS,59e562517a08b1f9edb930c1553aaf2e6947c1000705dfa4ed20b03b29363da1,SUCCESS,STABLE_SUCCESS,59e562517a08b1f9edb930c1553aaf2e6947c1000705dfa4ed20b03b29363da1,SUCCESS,STABLE_SUCCESS,59e562517a08b1f9edb930c1553aaf2e6947c1000705dfa4ed20b03b29363da1,SUCCESS,STABLE_SUCCESS,59e562517a08b1f9edb930c1553aaf2e6947c1000705dfa4ed20b03b29363da1,SUCCESS,STABLE_SUCCESS,59e562517a08b1f9edb930c1553aaf2e6947c1000705dfa4ed20b03b29363da1
basic,BASIC-06,Small integer - -1,YES,SUCCESS,STABLE_SUCCESS,72aea108d59af9a3db0854601259c9d9a62dce69f656f4a3f4e451500fb85a1f,SUCCESS,STABLE_SUCCESS,72aea108d59af9a3db0854601259c9d9a62dce69f656f4a3f4e451500fb85a1f,SUCCESS,STABLE_SUCCESS,72aea108d59af9a3db0854601259c9d9a62dce69f656f4a3f4e451500fb85a1f,SUCCESS,STABLE_SUCCESS,72aea108d59af9a3db0854601259c9d9a62dce69f656f4a3f4e451500fb85a1f,SUCCESS,STABLE_SUCCESS,72aea108d59af9a3db0854601259c9d9a62dce69f656f4a3f4e451500fb85a1f
basic,BASIC-07,Large integer - 2**31,YES,SUCCESS,STABLE_SUCCESS,70f286d27bc1e55c830066343a8fe2489d76660e68b3a62cd943ad76d574aa4a,SUCCESS,STABLE_SUCCESS,70f286d27bc1e55c830066343a8fe2489d76660e68b3a62cd943ad76d574aa4a,SUCCESS,STABLE_SUCCESS,70f286d27bc1e55c830066343a8fe2489d76660e68b3a62cd943ad76d574aa4a,SUCCESS,STABLE_SUCCESS,70f286d27bc1e55c830066343a8fe2489d76660e68b3a62cd943ad76d574aa4a,SUCCESS,STABLE_SUCCESS,70f286d27bc1e55c830066343a8fe2489d76660e68b3a62cd943ad76d574aa4a
basic,BASIC-08,Large integer - 2**63,YES,SUCCESS,STABLE_SUCCESS,95d4ad4027f527c14a76f13cf23b94c45272e82a4be8407bbab87cbc83522728,SUCCESS,STABLE_SUCCESS,95d4ad4027f527c14a76f13cf23b94c45272e82a4be8407bbab87cbc83522728,SUCCESS,STABLE_SUCCESS,95d4ad4027f527c14a76f13cf23b94c45272e82a4be8407bbab87cbc83522728,SUCCESS,STABLE_SUCCESS,95d4ad4027f527c14a76f13cf23b94c45272e82a4be8407bbab87cbc83522728,SUCCESS,STABLE_SUCCESS,95d4ad4027f527c14a76f13cf23b94c45272e82a4be8407bbab87cbc83522728
basic,BASIC-09,Large integer - -2**63,YES,SUCCESS,STABLE_SUCCESS,1d14c0165fb31ea4cbd0bb1b47e51ff68e5b351ac4e805209bc25b8a011c9e8a,SUCCESS,STABLE_SUCCESS,1d14c0165fb31ea4cbd0bb1b47e51ff68e5b351ac4e805209bc25b8a011c9e8a,SUCCESS,STABLE_SUCCESS,1d14c0165fb31ea4cbd0bb1b47e51ff68e5b351ac4e805209bc25b8a011c9e8a,SUCCESS,STABLE_SUCCESS,1d14c0165fb31ea4cbd0bb1b47e51ff68e5b351ac4e805209bc25b8a011c9e8a,SUCCESS,STABLE_SUCCESS,1d14c0165fb31ea4cbd0bb1b47e51ff68e5b351ac4e805209bc25b8a011c9e8a
basic,BASIC-10,Very large integer - 2**100,YES,SUCCESS,STABLE_SUCCESS,93133aef5016fb3e75f0e91c81f629b6103091b160d1a763b384818a7d0fca79,SUCCESS,STABLE_SUCCESS,93133aef5016fb3e75f0e91c81f629b6103091b160d1a763b384818a7d0fca79,SUCCESS,STABLE_SUCCESS,93133aef5016fb3e75f0e91c81f629b6103091b160d1a763b384818a7d0fca79,SUCCESS,STABLE_SUCCESS,93133aef5016fb3e75f0e91c81f629b6103091b160d1a763b384818a7d0fca79,SUCCESS,STABLE_SUCCESS,93133aef5016fb3e75f0e91c81f629b6103091b160d1a763b384818a7d0fca79
basic,BASIC-11,Very large negative integer - -2**100,YES,SUCCESS,STABLE_SUCCESS,382e56d74f5468fbdd23d4f4abf37cd3fe7fb3cfc3bdcacf8764fc697709a369,SUCCESS,STABLE_SUCCESS,382e56d74f5468fbdd23d4f4abf37cd3fe7fb3cfc3bdcacf8764fc697709a369,SUCCESS,STABLE_SUCCESS,382e56d74f5468fbdd23d4f4abf37cd3fe7fb3cfc3bdcacf8764fc697709a369,SUCCESS,STABLE_SUCCESS,382e56d74f5468fbdd23d4f4abf37cd3fe7fb3cfc3bdcacf8764fc697709a369,SUCCESS,STABLE_SUCCESS,382e56d74f5468fbdd23d4f4abf37cd3fe7fb3cfc3bdcacf8764fc697709a369
basic,BASIC-12,Normal string - hello,YES,SUCCESS,STABLE_SUCCESS,f27068260acda9a05a6477f17da12f844bca8f00a8ac15381de59fd1add44945,SUCCESS,STABLE_SUCCESS,f27068260acda9a05a6477f17da12f844bca8f00a8ac15381de59fd1add44945,SUCCESS,STABLE_SUCCESS,f27068260acda9a05a6477f17da12f844bca8f00a8ac15381de59fd1add44945,SUCCESS,STABLE_SUCCESS,f27068260acda9a05a6477f17da12f844bca8f00a8ac15381de59fd1add44945,SUCCESS,STABLE_SUCCESS,f27068260acda9a05a6477f17da12f844bca8f00a8ac15381de59fd1add44945
basic,BASIC-13,Empty string,YES,SUCCESS,STABLE_SUCCESS,153d812467db095632c6583da7f82cf7ad1e3f9ef18b6358c10f28d2804822f4,SUCCESS,STABLE_SUCCESS,153d812467db095632c6583da7f82cf7ad1e3f9ef18b6358c10f28d2804822f4,SUCCESS,STABLE_SUCCESS,153d812467db095632c6583da7f82cf7ad1e3f9ef18b6358c10f28d2804822f4,SUCCESS,STABLE_SUCCESS,153d812467db095632c6583da7f82cf7ad1e3f9ef18b6358c10f28d2804822f4,SUCCESS,STABLE_SUCCESS,153d812467db095632c6583da7f82cf7ad1e3f9ef18b6358c10f28d2804822f4
basic,BASIC-14,Long normal string,YES,SUCCESS,STABLE_SUCCESS,5659b07be1e193edb6fdf058b6fbb79b46da7ea90122ab0f793fb9a2d1add908,SUCCESS,STABLE_SUCCESS,5659b07be1e193edb6fdf058b6fbb79b46da7ea90122ab0f793fb9a2d1add908,SUCCESS,STABLE_SUCCESS,5659b07be1e193edb6fdf058b6fbb79b46da7ea90122ab0f793fb9a2d1add908,SUCCESS,STABLE_SUCCESS,5659b07be1e193edb6fdf058b6fbb79b46da7ea90122ab0f793fb9a2d1add908,SUCCESS,STABLE_SUCCESS,5659b07be1e193edb6fdf058b6fbb79b46da7ea90122ab0f793fb9a2d1add908
basic,BASIC-15,Unicode string - Chinese and emoji,YES,SUCCESS,STABLE_SUCCESS,21069af945686d72a8f400f3df47b278b87a1772ea89952af8858b38c1d956a4,SUCCESS,STABLE_SUCCESS,21069af945686d72a8f400f3df47b278b87a1772ea89952af8858b38c1d956a4,SUCCESS,STABLE_SUCCESS,21069af945686d72a8f400f3df47b278b87a1772ea89952af8858b38c1d956a4,SUCCESS,STABLE_SUCCESS,21069af945686d72a8f400f3df47b278b87a1772ea89952af8858b38c1d956a4,SUCCESS,STABLE_SUCCESS,21069af945686d72a8f400f3df47b278b87a1772ea89952af8858b38c1d956a4
basic,BASIC-16,Long Unicode string,YES,SUCCESS,STABLE_SUCCESS,1f660cafdde853765364e8863f6ad11c56e0bef1eaa397d115fb0b3bb0c32133,SUCCESS,STABLE_SUCCESS,1f660cafdde853765364e8863f6ad11c56e0bef1eaa397d115fb0b3bb0c32133,SUCCESS,STABLE_SUCCESS,1f660cafdde853765364e8863f6ad11c56e0bef1eaa397d115fb0b3bb0c32133,SUCCESS,STABLE_SUCCESS,1f660cafdde853765364e8863f6ad11c56e0bef1eaa397d115fb0b3bb0c32133,SUCCESS,STABLE_SUCCESS,1f660cafdde853765364e8863f6ad11c56e0bef1eaa397d115fb0b3bb0c32133
basic,BASIC-17,Special characters string,YES,SUCCESS,STABLE_SUCCESS,05d374fd9ac34c1851649be7c6c05e978a67d677805223d16278ea132ea66304,SUCCESS,STABLE_SUCCESS,05d374fd9ac34c1851649be7c6c05e978a67d677805223d16278ea132ea66304,SUCCESS,STABLE_SUCCESS,05d374fd9ac34c1851649be7c6c05e978a67d677805223d16278ea132ea66304,SUCCESS,STABLE_SUCCESS,05d374fd9ac34c1851649be7c6c05e978a67d677805223d16278ea132ea66304,SUCCESS,STABLE_SUCCESS,05d374fd9ac34c1851649be7c6c05e978a67d677805223d16278ea132ea66304
basic,BASIC-18,Bytes type - b'abc',YES,SUCCESS,STABLE_SUCCESS,54fbc4701c235e1d489632b9680e438d00e614228886cc1116d2f6dcaa4724fc,SUCCESS,STABLE_SUCCESS,54fbc4701c235e1d489632b9680e438d00e614228886cc1116d2f6dcaa4724fc,SUCCESS,STABLE_SUCCESS,54fbc4701c235e1d489632b9680e438d00e614228886cc1116d2f6dcaa4724fc,SUCCESS,STABLE_SUCCESS,54fbc4701c235e1d489632b9680e438d00e614228886cc1116d2f6dcaa4724fc,SUCCESS,STABLE_SUCCESS,54fbc4701c235e1d489632b9680e438d00e614228886cc1116d2f6dcaa4724fc
basic,BASIC-19,Bytes type - bytes(range(256)),YES,SUCCESS,STABLE_SUCCESS,0b08ed82f6c155739862b18db0d9bcd0717c90a3bd87e72a5828d85356b79078,SUCCESS,STABLE_SUCCESS,0b08ed82f6c155739862b18db0d9bcd0717c90a3bd87e72a5828d85356b79078,SUCCESS,STABLE_SUCCESS,0b08ed82f6c155739862b18db0d9bcd0717c90a3bd87e72a5828d85356b79078,SUCCESS,STABLE_SUCCESS,0b08ed82f6c155739862b18db0d9bcd0717c90a3bd87e72a5828d85356b79078,SUCCESS,STABLE_SUCCESS,0b08ed82f6c155739862b18db0d9bcd0717c90a3bd87e72a5828d85356b79078
basic,BASIC-20,Empty bytes,YES,SUCCESS,STABLE_SUCCESS,1e39f9576a47375992ed7b53b49a4fe68e1622c87227165ee0246d3c345996f1,SUCCESS,STABLE_SUCCESS,1e39f9576a47375992ed7b53b49a4fe68e1622c87227165ee0246d3c345996f1,SUCCESS,STABLE_SUCCESS,1e39f9576a47375992ed7b53b49a4fe68e1622c87227165ee0246d3c345996f1,SUCCESS,STABLE_SUCCESS,1e39f9576a47375992ed7b53b49a4fe68e1622c87227165ee0246d3c345996f1,SUCCESS,STABLE_SUCCESS,1e39f9576a47375992ed7b53b49a4fe68e1622c87227165ee0246d3c345996f1
basic,BASIC-21,Large bytes - 1MB,YES,SUCCESS,STABLE_SUCCESS,5213fc501436f77d9d5c161294a7f6e87d902475392c71212e7fe4b56772a037,SUCCESS,STABLE_SUCCESS,5213fc501436f77d9d5c161294a7f6e87d902475392c71212e7fe4b56772a037,SUCCESS,STABLE_SUCCESS,5213fc501436f77d9d5c161294a7f6e87d902475392c71212e7fe4b56772a037,SUCCESS,STABLE_SUCCESS,5213fc501436f77d9d5c161294a7f6e87d902475392c71212e7fe4b56772a037,SUCCESS,STABLE_SUCCESS,5213fc501436f77d9d5c161294a7f6e87d902475392c71212e7fe4b56772a037
basic,BASIC-22,Float - 0.0,YES,SUCCESS,STABLE_SUCCESS,a7b2474c2b69133fff4c0515276a03bbf9d1c38d1d1f8c08bd5db478181398d6,SUCCESS,STABLE_SUCCESS,a7b2474c2b69133fff4c0515276a03bbf9d1c38d1d1f8c08bd5db478181398d6,SUCCESS,STABLE_SUCCESS,a7b2474c2b69133fff4c0515276a03bbf9d1c38d1d1f8c08bd5db478181398d6,SUCCESS,STABLE_SUCCESS,a7b2474c2b69133fff4c0515276a03bbf9d1c38d1d1f8c08bd5db478181398d6,SUCCESS,STABLE_SUCCESS,a7b2474c2b69133fff4c0515276a03bbf9d1c38d1d1f8c08bd5db478181398d6
basic,BASIC-23,Float - 3.14,YES,SUCCESS,STABLE_SUCCESS,037a6b9a94f0ca478998fdec5255e5fea3e2b966a74496530b4ed56b68ebd5f2,SUCCESS,STABLE_SUCCESS,037a6b9a94f0ca478998fdec5255e5fea3e2b966a74496530b4ed56b68ebd5f2,SUCCESS,STABLE_SUCCESS,037a6b9a94f0ca478998fdec5255e5fea3e2b966a74496530b4ed56b68ebd5f2,SUCCESS,STABLE_SUCCESS,037a6b9a94f0ca478998fdec5255e5fea3e2b966a74496530b4ed56b68ebd5f2,SUCCESS,STABLE_SUCCESS,037a6b9a94f0ca478998fdec5255e5fea3e2b966a74496530b4ed56b68ebd5f2
basic,BASIC-24,Float - -3.14,YES,SUCCESS,STABLE_SUCCESS,0bff30887f5190682a6f138431e6c41308017d3421927c98ac14b6eaf9cacdd6,SUCCESS,STABLE_SUCCESS,0bff30887f5190682a6f138431e6c41308017d3421927c98ac14b6eaf9cacdd6,SUCCESS,STABLE_SUCCESS,0bff30887f5190682a6f138431e6c41308017d3421927c98ac14b6eaf9cacdd6,SUCCESS,STABLE_SUCCESS,0bff30887f5190682a6f138431e6c41308017d3421927c98ac14b6eaf9cacdd6,SUCCESS,STABLE_SUCCESS,0bff30887f5190682a6f138431e6c41308017d3421927c98ac14b6eaf9cacdd6
basic,BASIC-25,Float - very small,YES,SUCCESS,STABLE_SUCCESS,57145dbc78cbaabdd7fb683fbcad6da6ba47971e2c26e0061b3318efc4c9f604,SUCCESS,STABLE_SUCCESS,57145dbc78cbaabdd7fb683fbcad6da6ba47971e2c26e0061b3318efc4c9f604,SUCCESS,STABLE_SUCCESS,57145dbc78cbaabdd7fb683fbcad6da6ba47971e2c26e0061b3318efc4c9f604,SUCCESS,STABLE_SUCCESS,57145dbc78cbaabdd7fb683fbcad6da6ba47971e2c26e0061b3318efc4c9f604,SUCCESS,STABLE_SUCCESS,57145dbc78cbaabdd7fb683fbcad6da6ba47971e2c26e0061b3318efc4c9f604
basic,BASIC-26,Float - very large,YES,SUCCESS,STABLE_SUCCESS,8e2d3efb7ecd74a6fce43b932a9bc54470b90d69063307673146a33a3428bde6,SUCCESS,STABLE_SUCCESS,8e2d3efb7ecd74a6fce43b932a9bc54470b90d69063307673146a33a3428bde6,SUCCESS,STABLE_SUCCESS,8e2d3efb7ecd74a6fce43b932a9bc54470b90d69063307673146a33a3428bde6,SUCCESS,STABLE_SUCCESS,8e2d3efb7ecd74a6fce43b932a9bc54470b90d69063307673146a33a3428bde6,SUCCESS,STABLE_SUCCESS,8e2d3efb7ecd74a6fce43b932a9bc54470b90d69063307673146a33a3428bde6
basic,BASIC-27,Complex number - 1+2j,YES,SUCCESS,STABLE_SUCCESS,ffb915ef625f270197532ab39744694546c1cec90ff4891487c2a74fab5acdc2,SUCCESS,STABLE_SUCCESS,ffb915ef625f270197532ab39744694546c1cec90ff4891487c2a74fab5acdc2,SUCCESS,STABLE_SUCCESS,ffb915ef625f270197532ab39744694546c1cec90ff4891487c2a74fab5acdc2,SUCCESS,STABLE_SUCCESS,ffb915ef625f270197532ab39744694546c1cec90ff4891487c2a74fab5acdc2,SUCCESS,STABLE_SUCCESS,ffb915ef625f270197532ab39744694546c1cec90ff4891487c2a74fab5acdc2
basic,BASIC-28,Complex number - 0j,YES,SUCCESS,STABLE_SUCCESS,4af55f659e98d62afb780d456414d7a3d98eaf04614feba89ba26b998575eaab,SUCCESS,STABLE_SUCCESS,4af55f659e98d62afb780d456414d7a3d98eaf04614feba89ba26b998575eaab,SUCCESS,STABLE_SUCCESS,4af55f659e98d62afb780d456414d7a3d98eaf04614feba89ba26b998575eaab,SUCCESS,STABLE_SUCCESS,4af55f659e98d62afb780d456414d7a3d98eaf04614feba89ba26b998575eaab,SUCCESS,STABLE_SUCCESS,4af55f659e98d62afb780d456414d7a3d98eaf04614feba89ba26b998575eaab
basic,BASIC-29,Bytearray - bytearray(b'abc'),YES,SUCCESS,STABLE_SUCCESS,54fbc4701c235e1d489632b9680e438d00e614228886cc1116d2f6dcaa4724fc,SUCCESS,STABLE_SUCCESS,54fbc4701c235e1d489632b9680e438d00e614228886cc1116d2f6dcaa4724fc,SUCCESS,STABLE_SUCCESS,54fbc4701c235e1d489632b9680e438d00e614228886cc1116d2f6dcaa4724fc,SUCCESS,STABLE_SUCCESS,54fbc4701c235e1d489632b9680e438d00e614228886cc1116d2f6dcaa4724fc,SUCCESS,STABLE_SUCCESS,54fbc4701c235e1d489632b9680e438d00e614228886cc1116d2f6dcaa4724fc
basic,BASIC-30,Bytearray - bytearray(range(256)),YES,SUCCESS,STABLE_SUCCESS,0b08ed82f6c155739862b18db0d9bcd0717c90a3bd87e72a5828d85356b79078,SUCCESS,STABLE_SUCCESS,0b08ed82f6c155739862b18db0d9bcd0717c90a3bd87e72a5828d85356b79078,SUCCESS,STABLE_SUCCESS,0b08ed82f6c155739862b18db0d9bcd0717c90a3bd87e72a5828d85356b79078,SUCCESS,STABLE_SUCCESS,0b08ed82f6c155739862b18db0d9bcd0717c90a3bd87e72a5828d85356b79078,SUCCESS,STABLE_SUCCESS,0b08ed82f6c155739862b18db0d9bcd0717c90a3bd87e72a5828d85356b79078
basic,BASIC-31,Empty bytearray,YES,SUCCESS,STABLE_SUCCESS,1e39f9576a47375992ed7b53b49a4fe68e1622c87227165ee0246d3c345996f1,SUCCESS,STABLE_SUCCESS,1e39f9576a47375992ed7b53b49a4fe68e1622c87227165ee0246d3c345996f1,SUCCESS,STABLE_SUCCESS,1e39f9576a47375992ed7b53b49a4fe68e1622c87227165ee0246d3c345996f1,SUCCESS,STABLE_SUCCESS,1e39f9576a47375992ed7b53b49a4fe68e1622c87227165ee0246d3c345996f1,SUCCESS,STABLE_SUCCESS,1e39f9576a47375992ed7b53b49a4fe68e1622c87227165ee0246d3c345996f1
basic,BASIC-32,Singleton - Ellipsis,YES,SUCCESS,STABLE_SUCCESS,cdb4ee2aea69cc6a83331bbe96dc2caa9a299d21329efb0336fc02a82e1839a8,SUCCESS,STABLE_SUCCESS,cdb4ee2aea69cc6a83331bbe96dc2caa9a299d21329efb0336fc02a82e1839a8,SUCCESS,STABLE_SUCCESS,cdb4ee2aea69cc6a83331bbe96dc2caa9a299d21329efb0336fc02a82e1839a8,SUCCESS,STABLE_SUCCESS,cdb4ee2aea69cc6a83331bbe96dc2caa9a299d21329efb0336fc02a82e1839a8,SUCCESS,STABLE_SUCCESS,cdb4ee2aea69cc6a83331bbe96dc2caa9a299d21329efb0336fc02a82e1839a8
basic,BASIC-33,Singleton - StopIteration,YES,SUCCESS,STABLE_SUCCESS,8de0b3c47f112c59745f717a626932264c422a7563954872e237b223af4ad643,SUCCESS,STABLE_SUCCESS,8de0b3c47f112c59745f717a626932264c422a7563954872e237b223af4ad643,SUCCESS,STABLE_SUCCESS,8de0b3c47f112c59745f717a626932264c422a7563954872e237b223af4ad643,SUCCESS,STABLE_SUCCESS,8de0b3c47f112c59745f717a626932264c422a7563954872e237b223af4ad643,SUCCESS,STABLE_SUCCESS,8de0b3c47f112c59745f717a626932264c422a7563954872e237b223af4ad643
code,CODE-01,Code object - no args,NO,SUCCESS,STABLE_SUCCESS,bb7cc7cfc61e73372795cc56a041fdc97c689012ab95a417e1a32dc404c291cd,SUCCESS,STABLE_SUCCESS,69fdcadde8d396cbb777cdcc9dd581c5ca17490dc237cd412e684a52d0244292,SUCCESS,STABLE_SUCCESS,3be4f5abee4e3586414fc9cf44db53a73a9213a3cb8c7aa3479f251561cd2401,SUCCESS,STABLE_SUCCESS,95a12c8ee35ba00f61e2f8a57b025abb3ba51854a452bf5cc0b53a2a9161386e,SUCCESS,STABLE_SUCCESS,1e37136054432200d9b2208652b43939dceac8a73715d8fe0f61e6201a54447f
code,CODE-02,Code object - positional arg,NO,SUCCESS,STABLE_SUCCESS,09abfeddc864e0b5f2b3a43f3995ff49e30a7517c522527b91324d45880e5b94,SUCCESS,STABLE_SUCCESS,281aece5f1e3a7d5cded20105acee6707ceb6731fa61b0e310a725972f505f24,SUCCESS,STABLE_SUCCESS,281aece5f1e3a7d5cded20105acee6707ceb6731fa61b0e310a725972f505f24,SUCCESS,STABLE_SUCCESS,bfec547d5d7f99f3cbc52d5ecb7c63948214ba1fa06943e4812c4952366cfbe1,SUCCESS,STABLE_SUCCESS,31a769daa15c314c99f3f4b83ae201d758a38d6254df636980c21edf00ef4a78
code,CODE-03,Code object - default args,YES,SUCCESS,STABLE_SUCCESS,59e562517a08b1f9edb930c1553aaf2e6947c1000705dfa4ed20b03b29363da1,SUCCESS,STABLE_SUCCESS,59e562517a08b1f9edb930c1553aaf2e6947c1000705dfa4ed20b03b29363da1,SUCCESS,STABLE_SUCCESS,59e562517a08b1f9edb930c1553aaf2e6947c1000705dfa4ed20b03b29363da1,SUCCESS,STABLE_SUCCESS,59e562517a08b1f9edb930c1553aaf2e6947c1000705dfa4ed20b03b29363da1,SUCCESS,STABLE_SUCCESS,59e562517a08b1f9edb930c1553aaf2e6947c1000705dfa4ed20b03b29363da1
code,CODE-04,Code object - *args,NO,SUCCESS,STABLE_SUCCESS,923aa41e5c49f65823637a8b6825468d744272164f48155ed012cfa1670ea7ef,SUCCESS,STABLE_SUCCESS,0a9aae715c5f9de5cf71c6ac4ffaed5c95b23724092e85b6ce900a40e69996ee,SUCCESS,STABLE_SUCCESS,0a9aae715c5f9de5cf71c6ac4ffaed5c95b23724092e85b6ce900a40e69996ee,SUCCESS,STABLE_SUCCESS,5249629453c883f8b429f81338320f289aa7dfb873ffeb14b0b128012f09c587,SUCCESS,STABLE_SUCCESS,98ef55fce95b8b9070aecaf0278c5a64842f9409efd1a8a5ffd48c124897d086
code,CODE-05,Code object - **kwargs,NO,SUCCESS,STABLE_SUCCESS,b11882bae6af904d124de48a923f34b20e1bf22fc45776bbb037e98231cd19d3,SUCCESS,STABLE_SUCCESS,f99070947b68c82ed9873028334b6a545e3f42e0aabcf081a6e5055ada00edae,SUCCESS,STABLE_SUCCESS,f99070947b68c82ed9873028334b6a545e3f42e0aabcf081a6e5055ada00edae,SUCCESS,STABLE_SUCCESS,ee00dab0af6426411496771a0c538d9cfe62f013ae2cf072b47bbd5a7c1dc42c,SUCCESS,STABLE_SUCCESS,bc8443d409cc018a664bf44a1c6cc42838be6502171769ea82c3bb41fc892e3b
code,CODE-06,Code object - all arg types,YES,SUCCESS,STABLE_SUCCESS,01f12e38d292e4ebd433853550ad5e2a55b750603b5b68e30cdb4d3a39f19615,SUCCESS,STABLE_SUCCESS,01f12e38d292e4ebd433853550ad5e2a55b750603b5b68e30cdb4d3a39f19615,SUCCESS,STABLE_SUCCESS,01f12e38d292e4ebd433853550ad5e2a55b750603b5b68e30cdb4d3a39f19615,SUCCESS,STABLE_SUCCESS,01f12e38d292e4ebd433853550ad5e2a55b750603b5b68e30cdb4d3a39f19615,SUCCESS,STABLE_SUCCESS,01f12e38d292e4ebd433853550ad5e2a55b750603b5b68e30cdb4d3a39f19615
code,CODE-07,Code object - keyword-only args,NO,SUCCESS,STABLE_SUCCESS,e19dbb199e70b46ca05deec39733175c320784e6ee899ecddc66aa964a3ecd2b,SUCCESS,STABLE_SUCCESS,e19dbb199e70b46ca05deec39733175c320784e6ee899ecddc66aa964a3ecd2b,SUCCESS,STABLE_SUCCESS,e19dbb199e70b46ca05deec39733175c320784e6ee899ecddc66aa964a3ecd2b,SUCCESS,STABLE_SUCCESS,e19dbb199e70b46ca05deec39733175c320784e6ee899ecddc66aa964a3ecd2b,SUCCESS,STABLE_SUCCESS,084fa5de1e57378818aca9d9ab2db3fc13cdcae7fc80fa406d7d4ba781e1adda
code,CODE-08,Code object - closure,NO,SUCCESS,STABLE_SUCCESS,8ce86a6ae65d3692e7305e2c58ac62eebd97d3d943e093f577da25c36988246b,SUCCESS,STABLE_SUCCESS,8ce86a6ae65d3692e7305e2c58ac62eebd97d3d943e093f577da25c36988246b,SUCCESS,STABLE_SUCCESS,8ce86a6ae65d3692e7305e2c58ac62eebd97d3d943e093f577da25c36988246b,SUCCESS,STABLE_SUCCESS,8ce86a6ae65d3692e7305e2c58ac62eebd97d3d943e093f577da25c36988246b,SUCCESS,STABLE_SUCCESS,f659e5060c828f13cadf02589276ef98b5fb0e90b610ca551dbc7323a39de12a
code,CODE-09,Code object - generator,NO,SUCCESS,STABLE_SUCCESS,7f79423330716ac445c00f8cdfaf9830d2b34f62acb2b6dd6d12ad9b17112da8,SUCCESS,STABLE_SUCCESS,d0b23794fa58d3f108050c94e9570652a34a7d8c4bd5083fa50372ee6d6fb94b,SUCCESS,STABLE_SUCCESS,611905a564397b676c866d517d2506d152b98d03f5629a1cf6e94b4e1d8b924d,SUCCESS,STABLE_SUCCESS,8978cc319588e8817bec55adf319429cfa42b4ee883cd52daf41aa03fffe5ab0,SUCCESS,STABLE_SUCCESS,4d8b07679a2c1cf529d87e08ca4577c2c9f79e4d31d428470905910e31326844
code,CODE-10,Code object - async function,NO,SUCCESS,STABLE_SUCCESS,928734dd076e7740b6755bc2be5201c065df9056723f782b652c27649e8b42bd,SUCCESS,STABLE_SUCCESS,1fdb8e4587f92f9b33ab503b9bd0600f8ebc58c9d140aa48a8691acb4a61908f,SUCCESS,STABLE_SUCCESS,df52816d9602740af4d9fdfe4b57413aad1d2e96b006a10f87a9c123aecbb20d,SUCCESS,STABLE_SUCCESS,498a6efb177d82d53d2634c7a457c7d0985140f36cd8766812abda31ff7dc94b,SUCCESS,STABLE_SUCCESS,f986bbd30777847cc659708d9403b9be513fcb48969a68a9fb358dc115308d03
code,CODE-11,Code object - annotations,YES,SUCCESS,STABLE_SUCCESS,f7ecd3a39814df60fbbead376407fe08e2326dd7467f1f4889cb7e3ec82a548b,SUCCESS,STABLE_SUCCESS,f7ecd3a39814df60fbbead376407fe08e2326dd7467f1f4889cb7e3ec82a548b,SUCCESS,STABLE_SUCCESS,f7ecd3a39814df60fbbead376407fe08e2326dd7467f1f4889cb7e3ec82a548b,SUCCESS,STABLE_SUCCESS,f7ecd3a39814df60fbbead376407fe08e2326dd7467f1f4889cb7e3ec82a548b,SUCCESS,STABLE_SUCCESS,f7ecd3a39814df60fbbead376407fe08e2326dd7467f1f4889cb7e3ec82a548b
code,CODE-12,Code object - lambda,NO,SUCCESS,STABLE_SUCCESS,57ff32a69846871ae937b7ebcfc11e8f39508a8c5cfe7951be46fbf223224a9b,SUCCESS,STABLE_SUCCESS,59fa75ac73568c6f6edb743c4d28a3555b3c1edb0f28fee289b354858a57f0e2,SUCCESS,STABLE_SUCCESS,5d377a4992914dafb8aaf88bc4f5f2c107ce4eec57c43775c084a1a6570d4859,SUCCESS,STABLE_SUCCESS,53e5a172d7df9bd9863f8490dbefc09d4371ff18c41491682edd860171e81681,SUCCESS,STABLE_SUCCESS,9bcb7ca1ab5e0ddd445bebe0efc3e5d70545334bbc997222a111b3161ce9b6a6
code,CODE-13,Code object - if-else conditional,NO,SUCCESS,STABLE_SUCCESS,09e9074055c10e7e9f5978caf80bf372f3e23e5cb44d710a53761c6901214951,SUCCESS,STABLE_SUCCESS,5c4f83125f2cae1b683971586e5f9f3df5e225404fd0d1ca67aaa917ec474e97,SUCCESS,STABLE_SUCCESS,ce805f9c962d3949d215cd5a4b9dfa4d5d77a91b5ac06ae3522d0d592710969d,SUCCESS,STABLE_SUCCESS,c69bc77c18339541d3a789fdbacf5782b3f8a9a85bda9e0de23e9639c74cae4f,SUCCESS,STABLE_SUCCESS,804763a44adc749af82bd45e057a3f63e15db6578f367ef88a5586216302814e
code,CODE-14,Code object - for loop,NO,SUCCESS,STABLE_SUCCESS,346f3884add32de3afe7376cc506822a7a801956d84a31fb39c158ee2d6e1769,SUCCESS,STABLE_SUCCESS,2238ef25cf8d40f15016dc139beba3ff4f8546e73061f2e30148ff2e9a7cc6a5,SUCCESS,STABLE_SUCCESS,abad7d853c55ce8a05c6673d77c50d4d48301bb8761b92d67bf1b9a7e43f20a9,SUCCESS,STABLE_SUCCESS,d040d74dcce9b7fa850a3a0c580d65cd8fc1e8421173dbd18c296c938410b2bf,SUCCESS,STABLE_SUCCESS,bf2679af500f73b4c659a3ea80d6301a10c71987727f18ea2dedaed751efb886
code,CODE-15,Code object - complex control flow,NO,SUCCESS,STABLE_SUCCESS,cd7f19fcb0d4f802fced2c5829adf7fdbec26d8331459571dae1a88b8ea4a3d6,SUCCESS,STABLE_SUCCESS,2e392206daca7c72b99d8c1afe4d719f0d817518a3d96e3984e45874f9e04282,SUCCESS,STABLE_SUCCESS,67790b5b106d0f1f47f7b57f986a8a9d1b60754fd439838b9b7e27f2c1522f5e,SUCCESS,STABLE_SUCCESS,c10a27fabe4336e2a38dd922cb0bcd9f13c0db2ad401fb73b25396b86f9bfb3a,SUCCESS,STABLE_SUCCESS,c22f3071aedf424ae29d069f4ffe401c44d4a04f6e8be55b4e6bfba8e5bbc194
code,CODE-16,Code object - eval expression,NO,SUCCESS,STABLE_SUCCESS,0f41bb776d9aae8878a4494f05c39adccda0a493166d20e2f12e84412ae1dbcb,SUCCESS,STABLE_SUCCESS,100e1000332f25a2fe03603d54aab87449a7afce4fd01401d090b35e6d37d484,SUCCESS,STABLE_SUCCESS,cb5adbfb8789d13127091e829e6309df04e3956a59fbf3eef8b2a3b24efee3ef,SUCCESS,STABLE_SUCCESS,6639bb30848de4ee222afc588c6b95e74b226aff603594fda368782f6ab25f1a,SUCCESS,STABLE_SUCCESS,eec327ea1fc3c7d557efe4412f6b98b282f3a4bfc743fafb1410924808c5deb2
code,CODE-17,Code object - multiline statements,NO,SUCCESS,STABLE_SUCCESS,093c6334b44e3ea87b2b27457d3020fceb594acaa4e82031bd5a2ba05d91e8f4,SUCCESS,STABLE_SUCCESS,3f4b452c3e6e172c9c830eab7685f00d1aebdcd74d6454554b966dbe60750ae5,SUCCESS,STABLE_SUCCESS,d1ce9afad5cc1a9e1d74cc242ff4347c534e62a13435262830409d9ae13311d2,SUCCESS,STABLE_SUCCESS,c2ddc233929896f38dd227ab7c003975b67b18fd43cabc08893ca0ca995b4e4e,SUCCESS,STABLE_SUCCESS,94c8455557812eee245a5df28fe4ece7122d924a01aa5f6d443e39b013301dab
code,CODE-18,Code object - try/except block,NO,SUCCESS,STABLE_SUCCESS,4561d5ddfe6f7f952d8584a65eefeb2f648d5c95890b2f37aea3ef02e6940041,SUCCESS,STABLE_SUCCESS,5aed50ad341a036af19e2d040bed258473829b6cb15e7af15e83c8ecebb1479a,SUCCESS,STABLE_SUCCESS,cacd460f4830f821974bf6356ef9c7648a340560ff0c3aae94bb95609e046cae,SUCCESS,STABLE_SUCCESS,d9af0d5a38333c965b9832915496d9a17e6397b2280668ebadfa69d87ad61860,SUCCESS,STABLE_SUCCESS,a2893fd068dd3f7dfee37d5754c4e33f4fdf27717791178830c47063e20a39c9
code,CODE-19,Code object - class definition,NO,SUCCESS,STABLE_SUCCESS,435416e05e4c1de4a0544fb3a39e85fdcf671bed30e84cc608b6e691ca1f0d64,SUCCESS,STABLE_SUCCESS,adb319e810bbdf594b4cdf02a65f1780b89f6717dd8fb4f950b9994e0ba5a1d2,SUCCESS,STABLE_SUCCESS,a99283c53b71355389c31be7ce9edb29999c6ab11d266ef1a8cc2afb90189b5d,SUCCESS,STABLE_SUCCESS,61965a070351a8342bcf39e1e121b8b49d5050575d6689a834020e7adf11c06e,SUCCESS,STABLE_SUCCESS,4280ef9e43f60f6fa88aefdbec92dc71f23e91ce0230ba399674dcfcfdedb606
code,CODE-20,Code object - unicode source,NO,SUCCESS,STABLE_SUCCESS,b6b9327207b5ecb802ed2c687ba92372b1b53709fec9c96ba548f60554cdfc50,SUCCESS,STABLE_SUCCESS,8bcf6035faab8d5f7b8047c0a429fee28ac7732b93b5d71c5dcfbee683e5517a,SUCCESS,STABLE_SUCCESS,c66e03f6bca5c5565cccf5f6dc246219704cb06e912cb9f82e93dc1f27e7842f,SUCCESS,STABLE_SUCCESS,239f6173675e723254338fcb25971eafe3c5aec1eeea159e06f04f08b56982b3,SUCCESS,STABLE_SUCCESS,636678e7dc364f84ad8aff7993ba0ca930fed6bdce90bfdf00c2eb492c000620
code,CODE-21,Code object - empty body,NO,SUCCESS,STABLE_SUCCESS,19da0eb9f457a9ac90f1b596cca44e294d5e0ff9bc0bfa05f0d5a9376d2b277f,SUCCESS,STABLE_SUCCESS,aa61d9d63d2e0a755c78f6af2059ea5d3cb4e2884619b8be39ef8fedc9467cb7,SUCCESS,STABLE_SUCCESS,fa0d769d9668f07bb4ced1a021ca5c597b3735b3c49ec122df5d5189224af77b,SUCCESS,STABLE_SUCCESS,699990afc193f0c84ebe4260951772df04d87e953bb6ac0d1a9b7ccc9177cd0b,SUCCESS,STABLE_SUCCESS,4511faf966a81c30e82498df33e64c64cafbef6ff8725f0ab4fe55647474a7c6
code,CODE-22,Code object - mixed constants tuple,NO,SUCCESS,STABLE_SUCCESS,f9f22b72ff1d41f1fb5bfaaaad146ed4fe9f78523aa3ec0677163ed33beed623,SUCCESS,STABLE_SUCCESS,09a8ff023147419fd4a1765dc61207523d8c3c6616fafc65646b9924b28e9f87,SUCCESS,STABLE_SUCCESS,707abefda0f4c43ff98f923b8d64603ebb26e28820a1223130cdc5d4a85f0dde,SUCCESS,STABLE_SUCCESS,21293ec9b30bd667e03519809d0214e6ca03995b2fb551f9a78c0f5cd98766f5,SUCCESS,STABLE_SUCCESS,8c91d18d12c4d22fd627ed103122c5f81ea98b3ede2bab42f48242fe2c574321
complexity,COMPLEXITY-01,Simple input - integer 1,YES,SUCCESS,STABLE_SUCCESS,59e562517a08b1f9edb930c1553aaf2e6947c1000705dfa4ed20b03b29363da1,SUCCESS,STABLE_SUCCESS,59e562517a08b1f9edb930c1553aaf2e6947c1000705dfa4ed20b03b29363da1,SUCCESS,STABLE_SUCCESS,59e562517a08b1f9edb930c1553aaf2e6947c1000705dfa4ed20b03b29363da1,SUCCESS,STABLE_SUCCESS,59e562517a08b1f9edb930c1553aaf2e6947c1000705dfa4ed20b03b29363da1,SUCCESS,STABLE_SUCCESS,59e562517a08b1f9edb930c1553aaf2e6947c1000705dfa4ed20b03b29363da1
complexity,COMPLEXITY-02,Medium mixed list,YES,SUCCESS,STABLE_SUCCESS,b64c299280a240bf02cb19243cacf98cd7648ec7c8073e82f549f06afa9851d7,SUCCESS,STABLE_SUCCESS,b64c299280a240bf02cb19243cacf98cd7648ec7c8073e82f549f06afa9851d7,SUCCESS,STABLE_SUCCESS,b64c299280a240bf02cb19243cacf98cd7648ec7c8073e82f549f06afa9851d7,SUCCESS,STABLE_SUCCESS,b64c299280a240bf02cb19243cacf98cd7648ec7c8073e82f549f06afa9851d7,SUCCESS,STABLE_SUCCESS,b64c299280a240bf02cb19243cacf98cd7648ec7c8073e82f549f06afa9851d7
complexity,COMPLEXITY-03,Empty complex structure,YES,SUCCESS,STABLE_SUCCESS,082a226c4875fba8363f01feebdf566006af780a997e5636f418550ff608d97a,SUCCESS,STABLE_SUCCESS,082a226c4875fba8363f01feebdf566006af780a997e5636f418550ff608d97a,SUCCESS,STABLE_SUCCESS,082a226c4875fba8363f01feebdf566006af780a997e5636f418550ff608d97a,SUCCESS,STABLE_SUCCESS,082a226c4875fba8363f01feebdf566006af780a997e5636f418550ff608d97a,SUCCESS,STABLE_SUCCESS,082a226c4875fba8363f01feebdf566006af780a997e5636f418550ff608d97a
complexity,COMPLEXITY-04,Nested list - 10 levels,YES,SUCCESS,STABLE_SUCCESS,9c5261998358ab03ca3ce93d18e1a886ba7960ebca89ed9aa15060dd8c209b07,SUCCESS,STABLE_SUCCESS,9c5261998358ab03ca3ce93d18e1a886ba7960ebca89ed9aa15060dd8c209b07,SUCCESS,STABLE_SUCCESS,9c5261998358ab03ca3ce93d18e1a886ba7960ebca89ed9aa15060dd8c209b07,SUCCESS,STABLE_SUCCESS,9c5261998358ab03ca3ce93d18e1a886ba7960ebca89ed9aa15060dd8c209b07,SUCCESS,STABLE_SUCCESS,9c5261998358ab03ca3ce93d18e1a886ba7960ebca89ed9aa15060dd8c209b07
complexity,COMPLEXITY-05,Nested list - 50 levels,YES,SUCCESS,STABLE_SUCCESS,87f206c3c6cbabe60cb07732942a32fc5fa4e034b1b1b75b1f64251475acb608,SUCCESS,STABLE_SUCCESS,87f206c3c6cbabe60cb07732942a32fc5fa4e034b1b1b75b1f64251475acb608,SUCCESS,STABLE_SUCCESS,87f206c3c6cbabe60cb07732942a32fc5fa4e034b1b1b75b1f64251475acb608,SUCCESS,STABLE_SUCCESS,87f206c3c6cbabe60cb07732942a32fc5fa4e034b1b1b75b1f64251475acb608,SUCCESS,STABLE_SUCCESS,87f206c3c6cbabe60cb07732942a32fc5fa4e034b1b1b75b1f64251475acb608
complexity,COMPLEXITY-06,Nested list - 100 levels,YES,SUCCESS,STABLE_SUCCESS,e26480e90db7bcf7300ee3aa84b2c2e6e5b14be5d155894aa7afeae2d259f093,SUCCESS,STABLE_SUCCESS,e26480e90db7bcf7300ee3aa84b2c2e6e5b14be5d155894aa7afeae2d259f093,SUCCESS,STABLE_SUCCESS,e26480e90db7bcf7300ee3aa84b2c2e6e5b14be5d155894aa7afeae2d259f093,SUCCESS,STABLE_SUCCESS,e26480e90db7bcf7300ee3aa84b2c2e6e5b14be5d155894aa7afeae2d259f093,SUCCESS,STABLE_SUCCESS,e26480e90db7bcf7300ee3aa84b2c2e6e5b14be5d155894aa7afeae2d259f093
complexity,COMPLEXITY-07,Nested tuple - 10 levels,YES,SUCCESS,STABLE_SUCCESS,e8cadf29a13449fbc9cff52363ff5850d3d1b36cd6a00f023f3efd4f074d75a3,SUCCESS,STABLE_SUCCESS,e8cadf29a13449fbc9cff52363ff5850d3d1b36cd6a00f023f3efd4f074d75a3,SUCCESS,STABLE_SUCCESS,e8cadf29a13449fbc9cff52363ff5850d3d1b36cd6a00f023f3efd4f074d75a3,SUCCESS,STABLE_SUCCESS,e8cadf29a13449fbc9cff52363ff5850d3d1b36cd6a00f023f3efd4f074d75a3,SUCCESS,STABLE_SUCCESS,e8cadf29a13449fbc9cff52363ff5850d3d1b36cd6a00f023f3efd4f074d75a3
complexity,COMPLEXITY-08,Nested tuple - 50 levels,YES,SUCCESS,STABLE_SUCCESS,eb34b39885140c354fed9fb0a9f0901973d8c9e94058688b7328db36c3d29f72,SUCCESS,STABLE_SUCCESS,eb34b39885140c354fed9fb0a9f0901973d8c9e94058688b7328db36c3d29f72,SUCCESS,STABLE_SUCCESS,eb34b39885140c354fed9fb0a9f0901973d8c9e94058688b7328db36c3d29f72,SUCCESS,STABLE_SUCCESS,eb34b39885140c354fed9fb0a9f0901973d8c9e94058688b7328db36c3d29f72,SUCCESS,STABLE_SUCCESS,eb34b39885140c354fed9fb0a9f0901973d8c9e94058688b7328db36c3d29f72
complexity,COMPLEXITY-09,Nested tuple - 100 levels,YES,SUCCESS,STABLE_SUCCESS,b550b8a09ffc7357db773ae0e34cdf28575176694ed050a5f44bd050f942696c,SUCCESS,STABLE_SUCCESS,b550b8a09ffc7357db773ae0e34cdf28575176694ed050a5f44bd050f942696c,SUCCESS,STABLE_SUCCESS,b550b8a09ffc7357db773ae0e34cdf28575176694ed050a5f44bd050f942696c,SUCCESS,STABLE_SUCCESS,b550b8a09ffc7357db773ae0e34cdf28575176694ed050a5f44bd050f942696c,SUCCESS,STABLE_SUCCESS,b550b8a09ffc7357db773ae0e34cdf28575176694ed050a5f44bd050f942696c
complexity,COMPLEXITY-10,Nested dict - 10 levels,YES,SUCCESS,STABLE_SUCCESS,d89709c401f8d34887a4425207726fb1211d4d4e0ba256648fc0b6c3c7456b70,SUCCESS,STABLE_SUCCESS,d89709c401f8d34887a4425207726fb1211d4d4e0ba256648fc0b6c3c7456b70,SUCCESS,STABLE_SUCCESS,d89709c401f8d34887a4425207726fb1211d4d4e0ba256648fc0b6c3c7456b70,SUCCESS,STABLE_SUCCESS,d89709c401f8d34887a4425207726fb1211d4d4e0ba256648fc0b6c3c7456b70,SUCCESS,STABLE_SUCCESS,d89709c401f8d34887a4425207726fb1211d4d4e0ba256648fc0b6c3c7456b70
complexity,COMPLEXITY-11,Nested dict - 50 levels,YES,SUCCESS,STABLE_SUCCESS,9c85c739041111d35f9977224e395728bd5b60571984101ef8743874f342fca8,SUCCESS,STABLE_SUCCESS,9c85c739041111d35f9977224e395728bd5b60571984101ef8743874f342fca8,SUCCESS,STABLE_SUCCESS,9c85c739041111d35f9977224e395728bd5b60571984101ef8743874f342fca8,SUCCESS,STABLE_SUCCESS,9c85c739041111d35f9977224e395728bd5b60571984101ef8743874f342fca8,SUCCESS,STABLE_SUCCESS,9c85c739041111d35f9977224e395728bd5b60571984101ef8743874f342fca8
complexity,COMPLEXITY-12,Nested dict - 100 levels,YES,SUCCESS,STABLE_SUCCESS,e5efea7baadea3fb07979796ec5637d1e933f69ccf202b81dea282e644045c31,SUCCESS,STABLE_SUCCESS,e5efea7baadea3fb07979796ec5637d1e933f69ccf202b81dea282e644045c31,SUCCESS,STABLE_SUCCESS,e5efea7baadea3fb07979796ec5637d1e933f69ccf202b81dea282e644045c31,SUCCESS,STABLE_SUCCESS,e5efea7baadea3fb07979796ec5637d1e933f69ccf202b81dea282e644045c31,SUCCESS,STABLE_SUCCESS,e5efea7baadea3fb07979796ec5637d1e933f69ccf202b81dea282e644045c31
complexity,COMPLEXITY-13,Large list - range(1000),YES,SUCCESS,STABLE_SUCCESS,56bd07653c06de22611041c7eab196c75ad0617b2c6e4f68dd8498c5dce38ce7,SUCCESS,STABLE_SUCCESS,56bd07653c06de22611041c7eab196c75ad0617b2c6e4f68dd8498c5dce38ce7,SUCCESS,STABLE_SUCCESS,56bd07653c06de22611041c7eab196c75ad0617b2c6e4f68dd8498c5dce38ce7,SUCCESS,STABLE_SUCCESS,56bd07653c06de22611041c7eab196c75ad0617b2c6e4f68dd8498c5dce38ce7,SUCCESS,STABLE_SUCCESS,56bd07653c06de22611041c7eab196c75ad0617b2c6e4f68dd8498c5dce38ce7
complexity,COMPLEXITY-14,Large list - range(10000),YES,SUCCESS,STABLE_SUCCESS,25a8071b06d2c9412681b092206b5a6c1ae7516364681a5f8de832a2dd87cf3f,SUCCESS,STABLE_SUCCESS,25a8071b06d2c9412681b092206b5a6c1ae7516364681a5f8de832a2dd87cf3f,SUCCESS,STABLE_SUCCESS,25a8071b06d2c9412681b092206b5a6c1ae7516364681a5f8de832a2dd87cf3f,SUCCESS,STABLE_SUCCESS,25a8071b06d2c9412681b092206b5a6c1ae7516364681a5f8de832a2dd87cf3f,SUCCESS,STABLE_SUCCESS,25a8071b06d2c9412681b092206b5a6c1ae7516364681a5f8de832a2dd87cf3f
complexity,COMPLEXITY-15,Large list - range(50000),YES,SUCCESS,STABLE_SUCCESS,4051f5f1f67c381f2d69f60536d482dc1855393a4978933d2dfe2190fe0f9485,SUCCESS,STABLE_SUCCESS,4051f5f1f67c381f2d69f60536d482dc1855393a4978933d2dfe2190fe0f9485,SUCCESS,STABLE_SUCCESS,4051f5f1f67c381f2d69f60536d482dc1855393a4978933d2dfe2190fe0f9485,SUCCESS,STABLE_SUCCESS,4051f5f1f67c381f2d69f60536d482dc1855393a4978933d2dfe2190fe0f9485,SUCCESS,STABLE_SUCCESS,4051f5f1f67c381f2d69f60536d482dc1855393a4978933d2dfe2190fe0f9485
complexity,COMPLEXITY-16,Large tuple - range(1000),YES,SUCCESS,STABLE_SUCCESS,445b652c941e9c4865627990f4f933f1c7f6946fe8d0f016f94b61080b202ae1,SUCCESS,STABLE_SUCCESS,445b652c941e9c4865627990f4f933f1c7f6946fe8d0f016f94b61080b202ae1,SUCCESS,STABLE_SUCCESS,445b652c941e9c4865627990f4f933f1c7f6946fe8d0f016f94b61080b202ae1,SUCCESS,STABLE_SUCCESS,445b652c941e9c4865627990f4f933f1c7f6946fe8d0f016f94b61080b202ae1,SUCCESS,STABLE_SUCCESS,445b652c941e9c4865627990f4f933f1c7f6946fe8d0f016f94b61080b202ae1
complexity,COMPLEXITY-17,Large tuple - range(10000),YES,SUCCESS,STABLE_SUCCESS,68957a1941acf45c7a29b92c5bf1e50696a66d323a84dbc3013f4ac540bbd784,SUCCESS,STABLE_SUCCESS,68957a1941acf45c7a29b92c5bf1e50696a66d323a84dbc3013f4ac540bbd784,SUCCESS,STABLE_SUCCESS,68957a1941acf45c7a29b92c5bf1e50696a66d323a84dbc3013f4ac540bbd784,SUCCESS,STABLE_SUCCESS,68957a1941acf45c7a29b92c5bf1e50696a66d323a84dbc3013f4ac540bbd784,SUCCESS,STABLE_SUCCESS,68957a1941acf45c7a29b92c5bf1e50696a66d323a84dbc3013f4ac540bbd784
complexity,COMPLEXITY-18,Large tuple - range(50000),YES,SUCCESS,STABLE_SUCCESS,6c9695868aa19fac84bbb9824390f7589388f3fb0ae61d14377bb741b03a1bed,SUCCESS,STABLE_SUCCESS,6c9695868aa19fac84bbb9824390f7589388f3fb0ae61d14377bb741b03a1bed,SUCCESS,STABLE_SUCCESS,6c9695868aa19fac84bbb9824390f7589388f3fb0ae61d14377bb741b03a1bed,SUCCESS,STABLE_SUCCESS,6c9695868aa19fac84bbb9824390f7589388f3fb0ae61d14377bb741b03a1bed,SUCCESS,STABLE_SUCCESS,6c9695868aa19fac84bbb9824390f7589388f3fb0ae61d14377bb741b03a1bed
complexity,COMPLEXITY-19,Large dict - 1000 items,YES,SUCCESS,STABLE_SUCCESS,ec97f81eadf0f8672c7e9a12451f299b813939da0cc23b32a21ad15f8920546f,SUCCESS,STABLE_SUCCESS,ec97f81eadf0f8672c7e9a12451f299b813939da0cc23b32a21ad15f8920546f,SUCCESS,STABLE_SUCCESS,ec97f81eadf0f8672c7e9a12451f299b813939da0cc23b32a21ad15f8920546f,SUCCESS,STABLE_SUCCESS,ec97f81eadf0f8672c7e9a12451f299b813939da0cc23b32a21ad15f8920546f,SUCCESS,STABLE_SUCCESS,ec97f81eadf0f8672c7e9a12451f299b813939da0cc23b32a21ad15f8920546f
complexity,COMPLEXITY-20,Large dict - 10000 items,YES,SUCCESS,STABLE_SUCCESS,d3a738f33f2ccdf4a5979c88466b19f75772cffdf3dd9cd1bcb3ad0b365e6012,SUCCESS,STABLE_SUCCESS,d3a738f33f2ccdf4a5979c88466b19f75772cffdf3dd9cd1bcb3ad0b365e6012,SUCCESS,STABLE_SUCCESS,d3a738f33f2ccdf4a5979c88466b19f75772cffdf3dd9cd1bcb3ad0b365e6012,SUCCESS,STABLE_SUCCESS,d3a738f33f2ccdf4a5979c88466b19f75772cffdf3dd9cd1bcb3ad0b365e6012,SUCCESS,STABLE_SUCCESS,d3a738f33f2ccdf4a5979c88466b19f75772cffdf3dd9cd1bcb3ad0b365e6012
complexity,COMPLEXITY-21,Large dict - 50000 items,YES,SUCCESS,STABLE_SUCCESS,75feef8d223449eb869135e48ae8f27846a8a5ddb572c2c1c542865841b9f9e0,SUCCESS,STABLE_SUCCESS,75feef8d223449eb869135e48ae8f27846a8a5ddb572c2c1c542865841b9f9e0,SUCCESS,STABLE_SUCCESS,75feef8d223449eb869135e48ae8f27846a8a5ddb572c2c1c542865841b9f9e0,SUCCESS,STABLE_SUCCESS,75feef8d223449eb869135e48ae8f27846a8a5ddb572c2c1c542865841b9f9e0,SUCCESS,STABLE_SUCCESS,75feef8d223449eb869135e48ae8f27846a8a5ddb572c2c1c542865841b9f9e0
complexity,COMPLEXITY-22,Large set - range(1000),NO,SUCCESS,STABLE_SUCCESS,7ca361dd8cfc8af7be16956ac1210526396276136122a5d02e92b91849eb908a,SUCCESS,STABLE_SUCCESS,e8b7d7674efb3814cd3db49626ee94374ca496c8bded0994b077e5b4ae257114,SUCCESS,STABLE_SUCCESS,e8b7d7674efb3814cd3db49626ee94374ca496c8bded0994b077e5b4ae257114,SUCCESS,STABLE_SUCCESS,706f0db595e6ea997f491025dc54f34a4334b6fc8ad3751bbf0e85dbe47d7778,SUCCESS,STABLE_SUCCESS,706f0db595e6ea997f491025dc54f34a4334b6fc8ad3751bbf0e85dbe47d7778
complexity,COMPLEXITY-23,Large set - range(10000),NO,SUCCESS,STABLE_SUCCESS,169fed57ad6efbab4082b92321fab20c40efd4defbd4d6049becf87e4c2ba7f5,SUCCESS,STABLE_SUCCESS,5ddd8773a59fa087f16f2357df12e973854af8ae5fe254763863e24fc34bf376,SUCCESS,STABLE_SUCCESS,5ddd8773a59fa087f16f2357df12e973854af8ae5fe254763863e24fc34bf376,SUCCESS,STABLE_SUCCESS,403b55d85ea4c8f0bbb5242f568406957a9094e53efa2b72db1936bea9b4e666,SUCCESS,STABLE_SUCCESS,403b55d85ea4c8f0bbb5242f568406957a9094e53efa2b72db1936bea9b4e666
complexity,COMPLEXITY-24,Large frozenset - range(10000),NO,SUCCESS,STABLE_SUCCESS,55ca571bb1a4d93e5a803df51b0c5b2e524b03ab37b325c6ab852b0eef215052,SUCCESS,STABLE_SUCCESS,b91fd093376e653266e2a0cd27e7f58e1930c81927a47af6077b7ec519362d2b,SUCCESS,STABLE_SUCCESS,b91fd093376e653266e2a0cd27e7f58e1930c81927a47af6077b7ec519362d2b,SUCCESS,STABLE_SUCCESS,997ba93ec41fc743e01dd897767e6c61df5d9ff78d00fd929bb3734098fe66f9,SUCCESS,STABLE_SUCCESS,997ba93ec41fc743e01dd897767e6c61df5d9ff78d00fd929bb3734098fe66f9
complexity,COMPLEXITY-25,Long normal string,YES,SUCCESS,STABLE_SUCCESS,a00171ff66acbfb8cfc2bbff3ed7cbd17e70df879ca5a1641294b02a43ebb214,SUCCESS,STABLE_SUCCESS,a00171ff66acbfb8cfc2bbff3ed7cbd17e70df879ca5a1641294b02a43ebb214,SUCCESS,STABLE_SUCCESS,a00171ff66acbfb8cfc2bbff3ed7cbd17e70df879ca5a1641294b02a43ebb214,SUCCESS,STABLE_SUCCESS,a00171ff66acbfb8cfc2bbff3ed7cbd17e70df879ca5a1641294b02a43ebb214,SUCCESS,STABLE_SUCCESS,a00171ff66acbfb8cfc2bbff3ed7cbd17e70df879ca5a1641294b02a43ebb214
complexity,COMPLEXITY-26,Long Unicode string,YES,SUCCESS,STABLE_SUCCESS,e1796ecab3c7491ac46121a9d522c7ea219a7ad84fe7be8f98f45c6bc79847d6,SUCCESS,STABLE_SUCCESS,e1796ecab3c7491ac46121a9d522c7ea219a7ad84fe7be8f98f45c6bc79847d6,SUCCESS,STABLE_SUCCESS,e1796ecab3c7491ac46121a9d522c7ea219a7ad84fe7be8f98f45c6bc79847d6,SUCCESS,STABLE_SUCCESS,e1796ecab3c7491ac46121a9d522c7ea219a7ad84fe7be8f98f45c6bc79847d6,SUCCESS,STABLE_SUCCESS,e1796ecab3c7491ac46121a9d522c7ea219a7ad84fe7be8f98f45c6bc79847d6
complexity,COMPLEXITY-27,Large bytes - bytes(range(256)) * 1000,YES,SUCCESS,STABLE_SUCCESS,33cf4d19bd7a4efd0b2732057e37c06616690b9af681dc4134e081d041ad5ef9,SUCCESS,STABLE_SUCCESS,33cf4d19bd7a4efd0b2732057e37c06616690b9af681dc4134e081d041ad5ef9,SUCCESS,STABLE_SUCCESS,33cf4d19bd7a4efd0b2732057e37c06616690b9af681dc4134e081d041ad5ef9,SUCCESS,STABLE_SUCCESS,33cf4d19bd7a4efd0b2732057e37c06616690b9af681dc4134e081d041ad5ef9,SUCCESS,STABLE_SUCCESS,33cf4d19bd7a4efd0b2732057e37c06616690b9af681dc4134e081d041ad5ef9
complexity,COMPLEXITY-28,Large bytes - 1MB zero bytes,YES,SUCCESS,STABLE_SUCCESS,5213fc501436f77d9d5c161294a7f6e87d902475392c71212e7fe4b56772a037,SUCCESS,STABLE_SUCCESS,5213fc501436f77d9d5c161294a7f6e87d902475392c71212e7fe4b56772a037,SUCCESS,STABLE_SUCCESS,5213fc501436f77d9d5c161294a7f6e87d902475392c71212e7fe4b56772a037,SUCCESS,STABLE_SUCCESS,5213fc501436f77d9d5c161294a7f6e87d902475392c71212e7fe4b56772a037,SUCCESS,STABLE_SUCCESS,5213fc501436f77d9d5c161294a7f6e87d902475392c71212e7fe4b56772a037
complexity,COMPLEXITY-29,Repeated reference list,YES,SUCCESS,STABLE_SUCCESS,01d25824309ae12677fcff04d7d7b34f0357a5125e8de4dc4d41a793f16bb543,SUCCESS,STABLE_SUCCESS,01d25824309ae12677fcff04d7d7b34f0357a5125e8de4dc4d41a793f16bb543,SUCCESS,STABLE_SUCCESS,01d25824309ae12677fcff04d7d7b34f0357a5125e8de4dc4d41a793f16bb543,SUCCESS,STABLE_SUCCESS,01d25824309ae12677fcff04d7d7b34f0357a5125e8de4dc4d41a793f16bb543,SUCCESS,STABLE_SUCCESS,01d25824309ae12677fcff04d7d7b34f0357a5125e8de4dc4d41a793f16bb543
complexity,COMPLEXITY-30,Mixed complex structure - 100 items,YES,SUCCESS,STABLE_SUCCESS,9d5fd0289cff4b547d48975458a4cdb69b3d3caab1c39910247d46e651511d40,SUCCESS,STABLE_SUCCESS,9d5fd0289cff4b547d48975458a4cdb69b3d3caab1c39910247d46e651511d40,SUCCESS,STABLE_SUCCESS,9d5fd0289cff4b547d48975458a4cdb69b3d3caab1c39910247d46e651511d40,SUCCESS,STABLE_SUCCESS,9d5fd0289cff4b547d48975458a4cdb69b3d3caab1c39910247d46e651511d40,SUCCESS,STABLE_SUCCESS,9d5fd0289cff4b547d48975458a4cdb69b3d3caab1c39910247d46e651511d40
complexity,COMPLEXITY-31,Mixed complex structure - 1000 items,YES,SUCCESS,STABLE_SUCCESS,b1b6db45b05c57dc189fc5b73ad316d7600e54577dcca79ccf0caa3c73974bee,SUCCESS,STABLE_SUCCESS,b1b6db45b05c57dc189fc5b73ad316d7600e54577dcca79ccf0caa3c73974bee,SUCCESS,STABLE_SUCCESS,b1b6db45b05c57dc189fc5b73ad316d7600e54577dcca79ccf0caa3c73974bee,SUCCESS,STABLE_SUCCESS,b1b6db45b05c57dc189fc5b73ad316d7600e54577dcca79ccf0caa3c73974bee,SUCCESS,STABLE_SUCCESS,b1b6db45b05c57dc189fc5b73ad316d7600e54577dcca79ccf0caa3c73974bee
complexity,COMPLEXITY-32,Complex dict - list values,YES,SUCCESS,STABLE_SUCCESS,065497fda4a07785046c43639cd90cbedc134a05d54eeeba6d05f2ff6e2623e5,SUCCESS,STABLE_SUCCESS,065497fda4a07785046c43639cd90cbedc134a05d54eeeba6d05f2ff6e2623e5,SUCCESS,STABLE_SUCCESS,065497fda4a07785046c43639cd90cbedc134a05d54eeeba6d05f2ff6e2623e5,SUCCESS,STABLE_SUCCESS,065497fda4a07785046c43639cd90cbedc134a05d54eeeba6d05f2ff6e2623e5,SUCCESS,STABLE_SUCCESS,065497fda4a07785046c43639cd90cbedc134a05d54eeeba6d05f2ff6e2623e5
complexity,COMPLEXITY-33,Complex dict - tuple values,YES,SUCCESS,STABLE_SUCCESS,acbe2b53db18bc31e6c45c8302b5105206181e28567cefe2d12082454f69a4d2,SUCCESS,STABLE_SUCCESS,acbe2b53db18bc31e6c45c8302b5105206181e28567cefe2d12082454f69a4d2,SUCCESS,STABLE_SUCCESS,acbe2b53db18bc31e6c45c8302b5105206181e28567cefe2d12082454f69a4d2,SUCCESS,STABLE_SUCCESS,acbe2b53db18bc31e6c45c8302b5105206181e28567cefe2d12082454f69a4d2,SUCCESS,STABLE_SUCCESS,acbe2b53db18bc31e6c45c8302b5105206181e28567cefe2d12082454f69a4d2
complexity,COMPLEXITY-34,Complex list - dict elements,YES,SUCCESS,STABLE_SUCCESS,6cf1fb698fa517aaf2ab5060c161144f90fde9b572ffb1f92755a654b76cc7da,SUCCESS,STABLE_SUCCESS,6cf1fb698fa517aaf2ab5060c161144f90fde9b572ffb1f92755a654b76cc7da,SUCCESS,STABLE_SUCCESS,6cf1fb698fa517aaf2ab5060c161144f90fde9b572ffb1f92755a654b76cc7da,SUCCESS,STABLE_SUCCESS,6cf1fb698fa517aaf2ab5060c161144f90fde9b572ffb1f92755a654b76cc7da,SUCCESS,STABLE_SUCCESS,6cf1fb698fa517aaf2ab5060c161144f90fde9b572ffb1f92755a654b76cc7da
container,CONTAINER-01,Empty list,YES,SUCCESS,STABLE_SUCCESS,cd13cd2473c97737511c66500c332fdf9ad78c5f6e8d4eb4fea992bb63f42055,SUCCESS,STABLE_SUCCESS,cd13cd2473c97737511c66500c332fdf9ad78c5f6e8d4eb4fea992bb63f42055,SUCCESS,STABLE_SUCCESS,cd13cd2473c97737511c66500c332fdf9ad78c5f6e8d4eb4fea992bb63f42055,SUCCESS,STABLE_SUCCESS,cd13cd2473c97737511c66500c332fdf9ad78c5f6e8d4eb4fea992bb63f42055,SUCCESS,STABLE_SUCCESS,cd13cd2473c97737511c66500c332fdf9ad78c5f6e8d4eb4fea992bb63f42055
container,CONTAINER-02,Empty tuple,YES,SUCCESS,STABLE_SUCCESS,86c11f10c038a75279e64a09cbc5cacb478a9af27d1b5cce1d1b1cc7e23a1b81,SUCCESS,STABLE_SUCCESS,86c11f10c038a75279e64a09cbc5cacb478a9af27d1b5cce1d1b1cc7e23a1b81,SUCCESS,STABLE_SUCCESS,86c11f10c038a75279e64a09cbc5cacb478a9af27d1b5cce1d1b1cc7e23a1b81,SUCCESS,STABLE_SUCCESS,86c11f10c038a75279e64a09cbc5cacb478a9af27d1b5cce1d1b1cc7e23a1b81,SUCCESS,STABLE_SUCCESS,86c11f10c038a75279e64a09cbc5cacb478a9af27d1b5cce1d1b1cc7e23a1b81
container,CONTAINER-03,Empty dict,YES,SUCCESS,STABLE_SUCCESS,fa433c89e61178902327da13af7dc0b09aede94a362de11626c21700a658c353,SUCCESS,STABLE_SUCCESS,fa433c89e61178902327da13af7dc0b09aede94a362de11626c21700a658c353,SUCCESS,STABLE_SUCCESS,fa433c89e61178902327da13af7dc0b09aede94a362de11626c21700a658c353,SUCCESS,STABLE_SUCCESS,fa433c89e61178902327da13af7dc0b09aede94a362de11626c21700a658c353,SUCCESS,STABLE_SUCCESS,fa433c89e61178902327da13af7dc0b09aede94a362de11626c21700a658c353
container,CONTAINER-04,Empty set,YES,SUCCESS,STABLE_SUCCESS,995046494f919338259e00eb000e87957890be5cb4e30be304e6646e1426578b,SUCCESS,STABLE_SUCCESS,995046494f919338259e00eb000e87957890be5cb4e30be304e6646e1426578b,SUCCESS,STABLE_SUCCESS,995046494f919338259e00eb000e87957890be5cb4e30be304e6646e1426578b,SUCCESS,STABLE_SUCCESS,995046494f919338259e00eb000e87957890be5cb4e30be304e6646e1426578b,SUCCESS,STABLE_SUCCESS,995046494f919338259e00eb000e87957890be5cb4e30be304e6646e1426578b
container,CONTAINER-05,Empty frozenset,YES,SUCCESS,STABLE_SUCCESS,4c237f2998e18f5c62047214de243bf62daa715906dfc6776b948ec9ec2fe2bd,SUCCESS,STABLE_SUCCESS,4c237f2998e18f5c62047214de243bf62daa715906dfc6776b948ec9ec2fe2bd,SUCCESS,STABLE_SUCCESS,4c237f2998e18f5c62047214de243bf62daa715906dfc6776b948ec9ec2fe2bd,SUCCESS,STABLE_SUCCESS,4c237f2998e18f5c62047214de243bf62daa715906dfc6776b948ec9ec2fe2bd,SUCCESS,STABLE_SUCCESS,4c237f2998e18f5c62047214de243bf62daa715906dfc6776b948ec9ec2fe2bd
container,CONTAINER-06,"Simple list - [1, 2, 3]",YES,SUCCESS,STABLE_SUCCESS,e8d78d57d1e0438a051682277b2fb68178db03f14dff349e335ac98565991c85,SUCCESS,STABLE_SUCCESS,e8d78d57d1e0438a051682277b2fb68178db03f14dff349e335ac98565991c85,SUCCESS,STABLE_SUCCESS,e8d78d57d1e0438a051682277b2fb68178db03f14dff349e335ac98565991c85,SUCCESS,STABLE_SUCCESS,e8d78d57d1e0438a051682277b2fb68178db03f14dff349e335ac98565991c85,SUCCESS,STABLE_SUCCESS,e8d78d57d1e0438a051682277b2fb68178db03f14dff349e335ac98565991c85
container,CONTAINER-07,"Simple tuple - (1, 2, 3)",YES,SUCCESS,STABLE_SUCCESS,da464634e919a561dacef9b6d18d967ba5021f76f8cea0b14fdab5051831db9a,SUCCESS,STABLE_SUCCESS,da464634e919a561dacef9b6d18d967ba5021f76f8cea0b14fdab5051831db9a,SUCCESS,STABLE_SUCCESS,da464634e919a561dacef9b6d18d967ba5021f76f8cea0b14fdab5051831db9a,SUCCESS,STABLE_SUCCESS,da464634e919a561dacef9b6d18d967ba5021f76f8cea0b14fdab5051831db9a,SUCCESS,STABLE_SUCCESS,da464634e919a561dacef9b6d18d967ba5021f76f8cea0b14fdab5051831db9a
container,CONTAINER-08,"Simple dict - {'a': 1, 'b': 2}",YES,SUCCESS,STABLE_SUCCESS,dfac25175367deb81e476277ff0a56c7a26d07846fab25a0f8895cdef465627f,SUCCESS,STABLE_SUCCESS,dfac25175367deb81e476277ff0a56c7a26d07846fab25a0f8895cdef465627f,SUCCESS,STABLE_SUCCESS,dfac25175367deb81e476277ff0a56c7a26d07846fab25a0f8895cdef465627f,SUCCESS,STABLE_SUCCESS,dfac25175367deb81e476277ff0a56c7a26d07846fab25a0f8895cdef465627f,SUCCESS,STABLE_SUCCESS,dfac25175367deb81e476277ff0a56c7a26d07846fab25a0f8895cdef465627f
container,CONTAINER-09,"Simple set - {1, 2, 3}",YES,SUCCESS,STABLE_SUCCESS,cddf0b000e7d5e4d9d7ffbbf3ecc0f056e311652a56278e911321cfc9c588ec9,SUCCESS,STABLE_SUCCESS,cddf0b000e7d5e4d9d7ffbbf3ecc0f056e311652a56278e911321cfc9c588ec9,SUCCESS,STABLE_SUCCESS,cddf0b000e7d5e4d9d7ffbbf3ecc0f056e311652a56278e911321cfc9c588ec9,SUCCESS,STABLE_SUCCESS,cddf0b000e7d5e4d9d7ffbbf3ecc0f056e311652a56278e911321cfc9c588ec9,SUCCESS,STABLE_SUCCESS,cddf0b000e7d5e4d9d7ffbbf3ecc0f056e311652a56278e911321cfc9c588ec9
container,CONTAINER-10,"Simple frozenset - {1, 2, 3}",YES,SUCCESS,STABLE_SUCCESS,8bfcbf8c82091a645c1dcfbe2828fce54d6255e1e8ca3bcf63230eefcfea4274,SUCCESS,STABLE_SUCCESS,8bfcbf8c82091a645c1dcfbe2828fce54d6255e1e8ca3bcf63230eefcfea4274,SUCCESS,STABLE_SUCCESS,8bfcbf8c82091a645c1dcfbe2828fce54d6255e1e8ca3bcf63230eefcfea4274,SUCCESS,STABLE_SUCCESS,8bfcbf8c82091a645c1dcfbe2828fce54d6255e1e8ca3bcf63230eefcfea4274,SUCCESS,STABLE_SUCCESS,8bfcbf8c82091a645c1dcfbe2828fce54d6255e1e8ca3bcf63230eefcfea4274
container,CONTAINER-11,Mixed list,YES,SUCCESS,STABLE_SUCCESS,fb2fdf6670287915053d9f0b65739b3f6227e40aaac8e28b2ea1031148cb5e9a,SUCCESS,STABLE_SUCCESS,fb2fdf6670287915053d9f0b65739b3f6227e40aaac8e28b2ea1031148cb5e9a,SUCCESS,STABLE_SUCCESS,fb2fdf6670287915053d9f0b65739b3f6227e40aaac8e28b2ea1031148cb5e9a,SUCCESS,STABLE_SUCCESS,fb2fdf6670287915053d9f0b65739b3f6227e40aaac8e28b2ea1031148cb5e9a,SUCCESS,STABLE_SUCCESS,fb2fdf6670287915053d9f0b65739b3f6227e40aaac8e28b2ea1031148cb5e9a
container,CONTAINER-12,Mixed tuple,YES,SUCCESS,STABLE_SUCCESS,9aef2f56babd9a5e994fc7320b4cfa31f49abd17e9b0556c3d0d814d7862773b,SUCCESS,STABLE_SUCCESS,9aef2f56babd9a5e994fc7320b4cfa31f49abd17e9b0556c3d0d814d7862773b,SUCCESS,STABLE_SUCCESS,9aef2f56babd9a5e994fc7320b4cfa31f49abd17e9b0556c3d0d814d7862773b,SUCCESS,STABLE_SUCCESS,9aef2f56babd9a5e994fc7320b4cfa31f49abd17e9b0556c3d0d814d7862773b,SUCCESS,STABLE_SUCCESS,9aef2f56babd9a5e994fc7320b4cfa31f49abd17e9b0556c3d0d814d7862773b
container,CONTAINER-13,Mixed dict,YES,SUCCESS,STABLE_SUCCESS,4912e56aad3793ddf874ad16e2910ff3aca0a793f53936a7a8643ab9e7043314,SUCCESS,STABLE_SUCCESS,4912e56aad3793ddf874ad16e2910ff3aca0a793f53936a7a8643ab9e7043314,SUCCESS,STABLE_SUCCESS,4912e56aad3793ddf874ad16e2910ff3aca0a793f53936a7a8643ab9e7043314,SUCCESS,STABLE_SUCCESS,4912e56aad3793ddf874ad16e2910ff3aca0a793f53936a7a8643ab9e7043314,SUCCESS,STABLE_SUCCESS,4912e56aad3793ddf874ad16e2910ff3aca0a793f53936a7a8643ab9e7043314
container,CONTAINER-14,List containing dict,YES,SUCCESS,STABLE_SUCCESS,cfaad234e8829c19a422d7d834c88194d99cb416058c08b0695332521fe28ada,SUCCESS,STABLE_SUCCESS,cfaad234e8829c19a422d7d834c88194d99cb416058c08b0695332521fe28ada,SUCCESS,STABLE_SUCCESS,cfaad234e8829c19a422d7d834c88194d99cb416058c08b0695332521fe28ada,SUCCESS,STABLE_SUCCESS,cfaad234e8829c19a422d7d834c88194d99cb416058c08b0695332521fe28ada,SUCCESS,STABLE_SUCCESS,cfaad234e8829c19a422d7d834c88194d99cb416058c08b0695332521fe28ada
container,CONTAINER-15,Dict containing list,YES,SUCCESS,STABLE_SUCCESS,880713acda1d38d15079f9886875463e8ade378a539501b82cc773afbee20de7,SUCCESS,STABLE_SUCCESS,880713acda1d38d15079f9886875463e8ade378a539501b82cc773afbee20de7,SUCCESS,STABLE_SUCCESS,880713acda1d38d15079f9886875463e8ade378a539501b82cc773afbee20de7,SUCCESS,STABLE_SUCCESS,880713acda1d38d15079f9886875463e8ade378a539501b82cc773afbee20de7,SUCCESS,STABLE_SUCCESS,880713acda1d38d15079f9886875463e8ade378a539501b82cc773afbee20de7
container,CONTAINER-16,List containing tuple,YES,SUCCESS,STABLE_SUCCESS,02fb05e595e4d0c70be30e70ad6db3be97bf82673c6ddeee67411dfc84a02d42,SUCCESS,STABLE_SUCCESS,02fb05e595e4d0c70be30e70ad6db3be97bf82673c6ddeee67411dfc84a02d42,SUCCESS,STABLE_SUCCESS,02fb05e595e4d0c70be30e70ad6db3be97bf82673c6ddeee67411dfc84a02d42,SUCCESS,STABLE_SUCCESS,02fb05e595e4d0c70be30e70ad6db3be97bf82673c6ddeee67411dfc84a02d42,SUCCESS,STABLE_SUCCESS,02fb05e595e4d0c70be30e70ad6db3be97bf82673c6ddeee67411dfc84a02d42
container,CONTAINER-17,Tuple containing list,YES,SUCCESS,STABLE_SUCCESS,837ca6214f4135cd06d7f9a2aa9898c9a277ed568618545c9d20125558e614c2,SUCCESS,STABLE_SUCCESS,837ca6214f4135cd06d7f9a2aa9898c9a277ed568618545c9d20125558e614c2,SUCCESS,STABLE_SUCCESS,837ca6214f4135cd06d7f9a2aa9898c9a277ed568618545c9d20125558e614c2,SUCCESS,STABLE_SUCCESS,837ca6214f4135cd06d7f9a2aa9898c9a277ed568618545c9d20125558e614c2,SUCCESS,STABLE_SUCCESS,837ca6214f4135cd06d7f9a2aa9898c9a277ed568618545c9d20125558e614c2
container,CONTAINER-18,Dict containing tuple,YES,SUCCESS,STABLE_SUCCESS,db63c547a2369e38db57d0d7dd007bcc87cb34f057c7d403fc6b47f5676ecf06,SUCCESS,STABLE_SUCCESS,db63c547a2369e38db57d0d7dd007bcc87cb34f057c7d403fc6b47f5676ecf06,SUCCESS,STABLE_SUCCESS,db63c547a2369e38db57d0d7dd007bcc87cb34f057c7d403fc6b47f5676ecf06,SUCCESS,STABLE_SUCCESS,db63c547a2369e38db57d0d7dd007bcc87cb34f057c7d403fc6b47f5676ecf06,SUCCESS,STABLE_SUCCESS,db63c547a2369e38db57d0d7dd007bcc87cb34f057c7d403fc6b47f5676ecf06
container,CONTAINER-19,Dict containing set,YES,SUCCESS,STABLE_SUCCESS,6e6dd7a2ee4155b3c9d09edbdc30638e398b3aa71402b14468696d807b051fc0,SUCCESS,STABLE_SUCCESS,6e6dd7a2ee4155b3c9d09edbdc30638e398b3aa71402b14468696d807b051fc0,SUCCESS,STABLE_SUCCESS,6e6dd7a2ee4155b3c9d09edbdc30638e398b3aa71402b14468696d807b051fc0,SUCCESS,STABLE_SUCCESS,6e6dd7a2ee4155b3c9d09edbdc30638e398b3aa71402b14468696d807b051fc0,SUCCESS,STABLE_SUCCESS,6e6dd7a2ee4155b3c9d09edbdc30638e398b3aa71402b14468696d807b051fc0
container,CONTAINER-20,List containing set,YES,SUCCESS,STABLE_SUCCESS,c5f5d11df20d57e508d419bfde79cbd8c967c82b1150429ad6d9bf8e54e7d175,SUCCESS,STABLE_SUCCESS,c5f5d11df20d57e508d419bfde79cbd8c967c82b1150429ad6d9bf8e54e7d175,SUCCESS,STABLE_SUCCESS,c5f5d11df20d57e508d419bfde79cbd8c967c82b1150429ad6d9bf8e54e7d175,SUCCESS,STABLE_SUCCESS,c5f5d11df20d57e508d419bfde79cbd8c967c82b1150429ad6d9bf8e54e7d175,SUCCESS,STABLE_SUCCESS,c5f5d11df20d57e508d419bfde79cbd8c967c82b1150429ad6d9bf8e54e7d175
container,CONTAINER-21,Nested list and dict,YES,SUCCESS,STABLE_SUCCESS,6f10fa6cbe4c93d80196609264f0ceab1330c9c5dac4981ba3c5ea1a6f2e5d6f,SUCCESS,STABLE_SUCCESS,6f10fa6cbe4c93d80196609264f0ceab1330c9c5dac4981ba3c5ea1a6f2e5d6f,SUCCESS,STABLE_SUCCESS,6f10fa6cbe4c93d80196609264f0ceab1330c9c5dac4981ba3c5ea1a6f2e5d6f,SUCCESS,STABLE_SUCCESS,6f10fa6cbe4c93d80196609264f0ceab1330c9c5dac4981ba3c5ea1a6f2e5d6f,SUCCESS,STABLE_SUCCESS,6f10fa6cbe4c93d80196609264f0ceab1330c9c5dac4981ba3c5ea1a6f2e5d6f
container,CONTAINER-22,Nested dict and tuple,NO,SUCCESS,STABLE_SUCCESS,8992b0eccd68c29f8c9eab31e9c51b6cdf264b7ca7cda4c236d14dae0b2655c3,SUCCESS,STABLE_SUCCESS,e983ee431456f81da6bc499548755d974f6adfca0273da7edea7260b4cf2ded3,SUCCESS,STABLE_SUCCESS,e983ee431456f81da6bc499548755d974f6adfca0273da7edea7260b4cf2ded3,SUCCESS,STABLE_SUCCESS,e983ee431456f81da6bc499548755d974f6adfca0273da7edea7260b4cf2ded3,SUCCESS,STABLE_SUCCESS,e983ee431456f81da6bc499548755d974f6adfca0273da7edea7260b4cf2ded3
container,CONTAINER-23,Repeated values in list,YES,SUCCESS,STABLE_SUCCESS,db9d83766c313d26f3216f40aca6c4ae3b1e7618836ea996f816a0533b5351cb,SUCCESS,STABLE_SUCCESS,db9d83766c313d26f3216f40aca6c4ae3b1e7618836ea996f816a0533b5351cb,SUCCESS,STABLE_SUCCESS,db9d83766c313d26f3216f40aca6c4ae3b1e7618836ea996f816a0533b5351cb,SUCCESS,STABLE_SUCCESS,db9d83766c313d26f3216f40aca6c4ae3b1e7618836ea996f816a0533b5351cb,SUCCESS,STABLE_SUCCESS,db9d83766c313d26f3216f40aca6c4ae3b1e7618836ea996f816a0533b5351cb
container,CONTAINER-24,Dict with integer keys,YES,SUCCESS,STABLE_SUCCESS,3f445a66f72922de9abcf1d2d0f830e2265fbd0f24f79f16588df71e14e0fe65,SUCCESS,STABLE_SUCCESS,3f445a66f72922de9abcf1d2d0f830e2265fbd0f24f79f16588df71e14e0fe65,SUCCESS,STABLE_SUCCESS,3f445a66f72922de9abcf1d2d0f830e2265fbd0f24f79f16588df71e14e0fe65,SUCCESS,STABLE_SUCCESS,3f445a66f72922de9abcf1d2d0f830e2265fbd0f24f79f16588df71e14e0fe65,SUCCESS,STABLE_SUCCESS,3f445a66f72922de9abcf1d2d0f830e2265fbd0f24f79f16588df71e14e0fe65
container,CONTAINER-25,Dict with mixed keys,YES,SUCCESS,STABLE_SUCCESS,3409cd9999d790c6def4d76edc3e466afe5593bf9bc9948624face6af438e356,SUCCESS,STABLE_SUCCESS,3409cd9999d790c6def4d76edc3e466afe5593bf9bc9948624face6af438e356,SUCCESS,STABLE_SUCCESS,3409cd9999d790c6def4d76edc3e466afe5593bf9bc9948624face6af438e356,SUCCESS,STABLE_SUCCESS,3409cd9999d790c6def4d76edc3e466afe5593bf9bc9948624face6af438e356,SUCCESS,STABLE_SUCCESS,3409cd9999d790c6def4d76edc3e466afe5593bf9bc9948624face6af438e356
container,CONTAINER-26,"Slice - slice(1, 10, 2)",N/A,EXCEPTION,STABLE_EXCEPTION,,EXCEPTION,STABLE_EXCEPTION,,EXCEPTION,STABLE_EXCEPTION,,EXCEPTION,STABLE_EXCEPTION,,SUCCESS,STABLE_SUCCESS,2de7845db408486bff1bec8c111d97978abe243098dbb92a978954c47d8e86f4
container,CONTAINER-27,"Slice - slice(None, 10, None)",N/A,EXCEPTION,STABLE_EXCEPTION,,EXCEPTION,STABLE_EXCEPTION,,EXCEPTION,STABLE_EXCEPTION,,EXCEPTION,STABLE_EXCEPTION,,SUCCESS,STABLE_SUCCESS,f1456b08a71a93c852ddcc5ffe405965341277a0b2da5ee831fabeafc11ec88e
container,CONTAINER-28,"Slice - slice(None, None, -1)",N/A,EXCEPTION,STABLE_EXCEPTION,,EXCEPTION,STABLE_EXCEPTION,,EXCEPTION,STABLE_EXCEPTION,,EXCEPTION,STABLE_EXCEPTION,,SUCCESS,STABLE_SUCCESS,40625646030f0b460b8df736f978934e7c39169fc3c4f0477b412c0003ed3c67
container,CONTAINER-29,List containing slice,N/A,EXCEPTION,STABLE_EXCEPTION,,EXCEPTION,STABLE_EXCEPTION,,EXCEPTION,STABLE_EXCEPTION,,EXCEPTION,STABLE_EXCEPTION,,SUCCESS,STABLE_SUCCESS,e5ad7c26ef8033266ac6ef2f31217e51f754f7285c0353b5b0be0fc5275f5652
container,CONTAINER-30,Tuple containing slice,N/A,EXCEPTION,STABLE_EXCEPTION,,EXCEPTION,STABLE_EXCEPTION,,EXCEPTION,STABLE_EXCEPTION,,EXCEPTION,STABLE_EXCEPTION,,SUCCESS,STABLE_SUCCESS,cec5fd03cfa4cd258f89aa07e36baabebd3b68d9a4e61d0983dcc3f35ed51b4e
container,CONTAINER-31,Dict containing slice value,N/A,EXCEPTION,STABLE_EXCEPTION,,EXCEPTION,STABLE_EXCEPTION,,EXCEPTION,STABLE_EXCEPTION,,EXCEPTION,STABLE_EXCEPTION,,SUCCESS,STABLE_SUCCESS,3d95a0950d6e7521a5db7d86b685d311e82dea71eecb3ad0def140837f1dbe73
cycle,CYCLE-01,Self-referential list,YES,SUCCESS,STABLE_SUCCESS,d77105626a6c7416c78bc6bb583d35560e158f58dac24718da9cf23f06e2fe85,SUCCESS,STABLE_SUCCESS,d77105626a6c7416c78bc6bb583d35560e158f58dac24718da9cf23f06e2fe85,SUCCESS,STABLE_SUCCESS,d77105626a6c7416c78bc6bb583d35560e158f58dac24718da9cf23f06e2fe85,SUCCESS,STABLE_SUCCESS,d77105626a6c7416c78bc6bb583d35560e158f58dac24718da9cf23f06e2fe85,SUCCESS,STABLE_SUCCESS,d77105626a6c7416c78bc6bb583d35560e158f58dac24718da9cf23f06e2fe85
cycle,CYCLE-02,Self-referential dict,YES,SUCCESS,STABLE_SUCCESS,ba5fe04b4870548bdc6cd91517781a0feb8150ef0ed35966a575fb1ef621bd55,SUCCESS,STABLE_SUCCESS,ba5fe04b4870548bdc6cd91517781a0feb8150ef0ed35966a575fb1ef621bd55,SUCCESS,STABLE_SUCCESS,ba5fe04b4870548bdc6cd91517781a0feb8150ef0ed35966a575fb1ef621bd55,SUCCESS,STABLE_SUCCESS,ba5fe04b4870548bdc6cd91517781a0feb8150ef0ed35966a575fb1ef621bd55,SUCCESS,STABLE_SUCCESS,ba5fe04b4870548bdc6cd91517781a0feb8150ef0ed35966a575fb1ef621bd55
cycle,CYCLE-03,Indirect circular reference (list->list),YES,SUCCESS,STABLE_SUCCESS,552c907331146aa26eda871c57c9beda18650843c305f1751b4812905765c50e,SUCCESS,STABLE_SUCCESS,552c907331146aa26eda871c57c9beda18650843c305f1751b4812905765c50e,SUCCESS,STABLE_SUCCESS,552c907331146aa26eda871c57c9beda18650843c305f1751b4812905765c50e,SUCCESS,STABLE_SUCCESS,552c907331146aa26eda871c57c9beda18650843c305f1751b4812905765c50e,SUCCESS,STABLE_SUCCESS,552c907331146aa26eda871c57c9beda18650843c305f1751b4812905765c50e
cycle,CYCLE-04,List and dict mutual reference,YES,SUCCESS,STABLE_SUCCESS,0cbaecff7ec9d18a7bf9c4182d6c1da392ddfdf924a2f91e3666ca57ec21462d,SUCCESS,STABLE_SUCCESS,0cbaecff7ec9d18a7bf9c4182d6c1da392ddfdf924a2f91e3666ca57ec21462d,SUCCESS,STABLE_SUCCESS,0cbaecff7ec9d18a7bf9c4182d6c1da392ddfdf924a2f91e3666ca57ec21462d,SUCCESS,STABLE_SUCCESS,0cbaecff7ec9d18a7bf9c4182d6c1da392ddfdf924a2f91e3666ca57ec21462d,SUCCESS,STABLE_SUCCESS,0cbaecff7ec9d18a7bf9c4182d6c1da392ddfdf924a2f91e3666ca57ec21462d
cycle,CYCLE-05,Dict and list mutual reference (reverse),YES,SUCCESS,STABLE_SUCCESS,2febeda9c03ed69c5d7236a8697b9e8f91b5523c5c885397203c6cb3823bf090,SUCCESS,STABLE_SUCCESS,2febeda9c03ed69c5d7236a8697b9e8f91b5523c5c885397203c6cb3823bf090,SUCCESS,STABLE_SUCCESS,2febeda9c03ed69c5d7236a8697b9e8f91b5523c5c885397203c6cb3823bf090,SUCCESS,STABLE_SUCCESS,2febeda9c03ed69c5d7236a8697b9e8f91b5523c5c885397203c6cb3823bf090,SUCCESS,STABLE_SUCCESS,2febeda9c03ed69c5d7236a8697b9e8f91b5523c5c885397203c6cb3823bf090
cycle,CYCLE-06,Nested list with cycle,YES,SUCCESS,STABLE_SUCCESS,737667bdc2d5dd252d74e0d397a72d1e108a4f83b9b8c41ac856bd5c7ec6b1e8,SUCCESS,STABLE_SUCCESS,737667bdc2d5dd252d74e0d397a72d1e108a4f83b9b8c41ac856bd5c7ec6b1e8,SUCCESS,STABLE_SUCCESS,737667bdc2d5dd252d74e0d397a72d1e108a4f83b9b8c41ac856bd5c7ec6b1e8,SUCCESS,STABLE_SUCCESS,737667bdc2d5dd252d74e0d397a72d1e108a4f83b9b8c41ac856bd5c7ec6b1e8,SUCCESS,STABLE_SUCCESS,737667bdc2d5dd252d74e0d397a72d1e108a4f83b9b8c41ac856bd5c7ec6b1e8
cycle,CYCLE-07,Repeated reference without cycle,YES,SUCCESS,STABLE_SUCCESS,3d3a1c53117f5e63a2c9c4fd5abd01dce44973675dfb457b85b0a795efdd6e1c,SUCCESS,STABLE_SUCCESS,3d3a1c53117f5e63a2c9c4fd5abd01dce44973675dfb457b85b0a795efdd6e1c,SUCCESS,STABLE_SUCCESS,3d3a1c53117f5e63a2c9c4fd5abd01dce44973675dfb457b85b0a795efdd6e1c,SUCCESS,STABLE_SUCCESS,3d3a1c53117f5e63a2c9c4fd5abd01dce44973675dfb457b85b0a795efdd6e1c,SUCCESS,STABLE_SUCCESS,3d3a1c53117f5e63a2c9c4fd5abd01dce44973675dfb457b85b0a795efdd6e1c
cycle,CYCLE-08,Deep indirect cycle (3 levels),YES,SUCCESS,STABLE_SUCCESS,653d54ac13e7e66b4ebad2a97d2920f01fb1c4d873f4a302c02eea6d61e671e3,SUCCESS,STABLE_SUCCESS,653d54ac13e7e66b4ebad2a97d2920f01fb1c4d873f4a302c02eea6d61e671e3,SUCCESS,STABLE_SUCCESS,653d54ac13e7e66b4ebad2a97d2920f01fb1c4d873f4a302c02eea6d61e671e3,SUCCESS,STABLE_SUCCESS,653d54ac13e7e66b4ebad2a97d2920f01fb1c4d873f4a302c02eea6d61e671e3,SUCCESS,STABLE_SUCCESS,653d54ac13e7e66b4ebad2a97d2920f01fb1c4d873f4a302c02eea6d61e671e3
cycle,CYCLE-09,Deep cycle length 10,YES,SUCCESS,STABLE_SUCCESS,2e75ce6e57cb5a1b5a0784e77a8dab1f678225bb8e58f8de4cf3f12a318f5b69,SUCCESS,STABLE_SUCCESS,2e75ce6e57cb5a1b5a0784e77a8dab1f678225bb8e58f8de4cf3f12a318f5b69,SUCCESS,STABLE_SUCCESS,2e75ce6e57cb5a1b5a0784e77a8dab1f678225bb8e58f8de4cf3f12a318f5b69,SUCCESS,STABLE_SUCCESS,2e75ce6e57cb5a1b5a0784e77a8dab1f678225bb8e58f8de4cf3f12a318f5b69,SUCCESS,STABLE_SUCCESS,2e75ce6e57cb5a1b5a0784e77a8dab1f678225bb8e58f8de4cf3f12a318f5b69
cycle,CYCLE-10,Multiple cycles sharing a node,YES,SUCCESS,STABLE_SUCCESS,1eafbb36ca1255429e3144ac2629935ba095ff63d21f8e9e636d8a48129f0dd9,SUCCESS,STABLE_SUCCESS,1eafbb36ca1255429e3144ac2629935ba095ff63d21f8e9e636d8a48129f0dd9,SUCCESS,STABLE_SUCCESS,1eafbb36ca1255429e3144ac2629935ba095ff63d21f8e9e636d8a48129f0dd9,SUCCESS,STABLE_SUCCESS,1eafbb36ca1255429e3144ac2629935ba095ff63d21f8e9e636d8a48129f0dd9,SUCCESS,STABLE_SUCCESS,1eafbb36ca1255429e3144ac2629935ba095ff63d21f8e9e636d8a48129f0dd9
cycle,CYCLE-11,Cycle with NaN and Inf,YES,SUCCESS,STABLE_SUCCESS,1df80239147d32ad3b0b0281e7c29dba96c3d99302237271767ecbefbf89c4ce,SUCCESS,STABLE_SUCCESS,1df80239147d32ad3b0b0281e7c29dba96c3d99302237271767ecbefbf89c4ce,SUCCESS,STABLE_SUCCESS,1df80239147d32ad3b0b0281e7c29dba96c3d99302237271767ecbefbf89c4ce,SUCCESS,STABLE_SUCCESS,1df80239147d32ad3b0b0281e7c29dba96c3d99302237271767ecbefbf89c4ce,SUCCESS,STABLE_SUCCESS,1df80239147d32ad3b0b0281e7c29dba96c3d99302237271767ecbefbf89c4ce
cycle,CYCLE-12,Cycle with large string payload,YES,SUCCESS,STABLE_SUCCESS,68cf8b51da6d6b04ff651c7a7ef6e09b094a8a5296760d050d68d49699c96d6b,SUCCESS,STABLE_SUCCESS,68cf8b51da6d6b04ff651c7a7ef6e09b094a8a5296760d050d68d49699c96d6b,SUCCESS,STABLE_SUCCESS,68cf8b51da6d6b04ff651c7a7ef6e09b094a8a5296760d050d68d49699c96d6b,SUCCESS,STABLE_SUCCESS,68cf8b51da6d6b04ff651c7a7ef6e09b094a8a5296760d050d68d49699c96d6b,SUCCESS,STABLE_SUCCESS,68cf8b51da6d6b04ff651c7a7ef6e09b094a8a5296760d050d68d49699c96d6b
cycle,CYCLE-13,Self-referential tuple (indirect),YES,SUCCESS,STABLE_SUCCESS,bea3086bbf614d244accaa7b06051eafd3e92cd9e45f456b2aad9572a223608f,SUCCESS,STABLE_SUCCESS,bea3086bbf614d244accaa7b06051eafd3e92cd9e45f456b2aad9572a223608f,SUCCESS,STABLE_SUCCESS,bea3086bbf614d244accaa7b06051eafd3e92cd9e45f456b2aad9572a223608f,SUCCESS,STABLE_SUCCESS,bea3086bbf614d244accaa7b06051eafd3e92cd9e45f456b2aad9572a223608f,SUCCESS,STABLE_SUCCESS,bea3086bbf614d244accaa7b06051eafd3e92cd9e45f456b2aad9572a223608f
cycle,CYCLE-14,Repeated dumps of same cycle object,YES,SUCCESS,STABLE_SUCCESS,d77105626a6c7416c78bc6bb583d35560e158f58dac24718da9cf23f06e2fe85,SUCCESS,STABLE_SUCCESS,d77105626a6c7416c78bc6bb583d35560e158f58dac24718da9cf23f06e2fe85,SUCCESS,STABLE_SUCCESS,d77105626a6c7416c78bc6bb583d35560e158f58dac24718da9cf23f06e2fe85,SUCCESS,STABLE_SUCCESS,d77105626a6c7416c78bc6bb583d35560e158f58dac24718da9cf23f06e2fe85,SUCCESS,STABLE_SUCCESS,d77105626a6c7416c78bc6bb583d35560e158f58dac24718da9cf23f06e2fe85
nested,NEST-01,Simple nested list,YES,SUCCESS,STABLE_SUCCESS,b6163863d7c0b813f99253fc73985b8f9c25e1e179134cd916e34895fd0cb3c2,SUCCESS,STABLE_SUCCESS,b6163863d7c0b813f99253fc73985b8f9c25e1e179134cd916e34895fd0cb3c2,SUCCESS,STABLE_SUCCESS,b6163863d7c0b813f99253fc73985b8f9c25e1e179134cd916e34895fd0cb3c2,SUCCESS,STABLE_SUCCESS,b6163863d7c0b813f99253fc73985b8f9c25e1e179134cd916e34895fd0cb3c2,SUCCESS,STABLE_SUCCESS,b6163863d7c0b813f99253fc73985b8f9c25e1e179134cd916e34895fd0cb3c2
nested,NEST-02,Nested dict,YES,SUCCESS,STABLE_SUCCESS,f699b9392ce45040c41adee916cf625e9f705f025746e288eb5760f64b4478dd,SUCCESS,STABLE_SUCCESS,f699b9392ce45040c41adee916cf625e9f705f025746e288eb5760f64b4478dd,SUCCESS,STABLE_SUCCESS,f699b9392ce45040c41adee916cf625e9f705f025746e288eb5760f64b4478dd,SUCCESS,STABLE_SUCCESS,f699b9392ce45040c41adee916cf625e9f705f025746e288eb5760f64b4478dd,SUCCESS,STABLE_SUCCESS,f699b9392ce45040c41adee916cf625e9f705f025746e288eb5760f64b4478dd
nested,NEST-03,Mixed nested list/dict/tuple/None,YES,SUCCESS,STABLE_SUCCESS,77a0782a4adfb086bc3c0d0e27715112430404476ac71d867e57f3606fcf2159,SUCCESS,STABLE_SUCCESS,77a0782a4adfb086bc3c0d0e27715112430404476ac71d867e57f3606fcf2159,SUCCESS,STABLE_SUCCESS,77a0782a4adfb086bc3c0d0e27715112430404476ac71d867e57f3606fcf2159,SUCCESS,STABLE_SUCCESS,77a0782a4adfb086bc3c0d0e27715112430404476ac71d867e57f3606fcf2159,SUCCESS,STABLE_SUCCESS,77a0782a4adfb086bc3c0d0e27715112430404476ac71d867e57f3606fcf2159
nested,NEST-04,Nested with float special values,YES,SUCCESS,STABLE_SUCCESS,b99db3501613a83647116339a50e2cc1c0bdda709f9c8f6364c20bb62bbcb965,SUCCESS,STABLE_SUCCESS,b99db3501613a83647116339a50e2cc1c0bdda709f9c8f6364c20bb62bbcb965,SUCCESS,STABLE_SUCCESS,b99db3501613a83647116339a50e2cc1c0bdda709f9c8f6364c20bb62bbcb965,SUCCESS,STABLE_SUCCESS,b99db3501613a83647116339a50e2cc1c0bdda709f9c8f6364c20bb62bbcb965,SUCCESS,STABLE_SUCCESS,b99db3501613a83647116339a50e2cc1c0bdda709f9c8f6364c20bb62bbcb965
nested,NEST-05,Deep nested list depth 5,YES,SUCCESS,STABLE_SUCCESS,668fab5433beffec300c69a7789063477eb4ea87929e77a582728d9f73566d06,SUCCESS,STABLE_SUCCESS,668fab5433beffec300c69a7789063477eb4ea87929e77a582728d9f73566d06,SUCCESS,STABLE_SUCCESS,668fab5433beffec300c69a7789063477eb4ea87929e77a582728d9f73566d06,SUCCESS,STABLE_SUCCESS,668fab5433beffec300c69a7789063477eb4ea87929e77a582728d9f73566d06,SUCCESS,STABLE_SUCCESS,668fab5433beffec300c69a7789063477eb4ea87929e77a582728d9f73566d06
nested,NEST-06,List containing tuple,YES,SUCCESS,STABLE_SUCCESS,3e4599b3e6c14170f94bcf8081dd91388314913d5c3f75ce357f0645d6b2d5b2,SUCCESS,STABLE_SUCCESS,3e4599b3e6c14170f94bcf8081dd91388314913d5c3f75ce357f0645d6b2d5b2,SUCCESS,STABLE_SUCCESS,3e4599b3e6c14170f94bcf8081dd91388314913d5c3f75ce357f0645d6b2d5b2,SUCCESS,STABLE_SUCCESS,3e4599b3e6c14170f94bcf8081dd91388314913d5c3f75ce357f0645d6b2d5b2,SUCCESS,STABLE_SUCCESS,3e4599b3e6c14170f94bcf8081dd91388314913d5c3f75ce357f0645d6b2d5b2
nested,NEST-07,Tuple containing list,YES,SUCCESS,STABLE_SUCCESS,b5b1c5c9619d21e55e0c7d1954f58dba64e10ff9a79112d753f87f52240e9b5e,SUCCESS,STABLE_SUCCESS,b5b1c5c9619d21e55e0c7d1954f58dba64e10ff9a79112d753f87f52240e9b5e,SUCCESS,STABLE_SUCCESS,b5b1c5c9619d21e55e0c7d1954f58dba64e10ff9a79112d753f87f52240e9b5e,SUCCESS,STABLE_SUCCESS,b5b1c5c9619d21e55e0c7d1954f58dba64e10ff9a79112d753f87f52240e9b5e,SUCCESS,STABLE_SUCCESS,b5b1c5c9619d21e55e0c7d1954f58dba64e10ff9a79112d753f87f52240e9b5e
nested,NEST-08,Dict containing list and tuple,YES,SUCCESS,STABLE_SUCCESS,1de05e67326e7035a9735445de0b8e20307954182f4c90aa060c4d78305acce4,SUCCESS,STABLE_SUCCESS,1de05e67326e7035a9735445de0b8e20307954182f4c90aa060c4d78305acce4,SUCCESS,STABLE_SUCCESS,1de05e67326e7035a9735445de0b8e20307954182f4c90aa060c4d78305acce4,SUCCESS,STABLE_SUCCESS,1de05e67326e7035a9735445de0b8e20307954182f4c90aa060c4d78305acce4,SUCCESS,STABLE_SUCCESS,1de05e67326e7035a9735445de0b8e20307954182f4c90aa060c4d78305acce4
nested,NEST-09,Dict containing set,YES,SUCCESS,STABLE_SUCCESS,cd293f673413ea618ecb326cfad2ac53876a06a8b685bb3907640bfc57297fc7,SUCCESS,STABLE_SUCCESS,cd293f673413ea618ecb326cfad2ac53876a06a8b685bb3907640bfc57297fc7,SUCCESS,STABLE_SUCCESS,cd293f673413ea618ecb326cfad2ac53876a06a8b685bb3907640bfc57297fc7,SUCCESS,STABLE_SUCCESS,cd293f673413ea618ecb326cfad2ac53876a06a8b685bb3907640bfc57297fc7,SUCCESS,STABLE_SUCCESS,cd293f673413ea618ecb326cfad2ac53876a06a8b685bb3907640bfc57297fc7
nested,NEST-10,List containing frozenset,YES,SUCCESS,STABLE_SUCCESS,ca87344066ca9356dbd6af1bbd966ea8553a6e6ad9dd43edfa4adde031d4e1af,SUCCESS,STABLE_SUCCESS,ca87344066ca9356dbd6af1bbd966ea8553a6e6ad9dd43edfa4adde031d4e1af,SUCCESS,STABLE_SUCCESS,ca87344066ca9356dbd6af1bbd966ea8553a6e6ad9dd43edfa4adde031d4e1af,SUCCESS,STABLE_SUCCESS,ca87344066ca9356dbd6af1bbd966ea8553a6e6ad9dd43edfa4adde031d4e1af,SUCCESS,STABLE_SUCCESS,ca87344066ca9356dbd6af1bbd966ea8553a6e6ad9dd43edfa4adde031d4e1af
nested,NEST-11,Empty nested containers,YES,SUCCESS,STABLE_SUCCESS,bff9f3bf0135c6073d116453ae9230b5f62bdc4c550652e3bac633a5a5bf4628,SUCCESS,STABLE_SUCCESS,bff9f3bf0135c6073d116453ae9230b5f62bdc4c550652e3bac633a5a5bf4628,SUCCESS,STABLE_SUCCESS,bff9f3bf0135c6073d116453ae9230b5f62bdc4c550652e3bac633a5a5bf4628,SUCCESS,STABLE_SUCCESS,bff9f3bf0135c6073d116453ae9230b5f62bdc4c550652e3bac633a5a5bf4628,SUCCESS,STABLE_SUCCESS,bff9f3bf0135c6073d116453ae9230b5f62bdc4c550652e3bac633a5a5bf4628
nested,NEST-12,Complex mixed nested structure,YES,SUCCESS,STABLE_SUCCESS,86df5dc7f560f44ace95e8dae2a355ffdc67065b60a7dec718a8a9e405c0ac8c,SUCCESS,STABLE_SUCCESS,86df5dc7f560f44ace95e8dae2a355ffdc67065b60a7dec718a8a9e405c0ac8c,SUCCESS,STABLE_SUCCESS,86df5dc7f560f44ace95e8dae2a355ffdc67065b60a7dec718a8a9e405c0ac8c,SUCCESS,STABLE_SUCCESS,86df5dc7f560f44ace95e8dae2a355ffdc67065b60a7dec718a8a9e405c0ac8c,SUCCESS,STABLE_SUCCESS,86df5dc7f560f44ace95e8dae2a355ffdc67065b60a7dec718a8a9e405c0ac8c
nested,NEST-13,Deep nested list depth 500 (within limit),YES,SUCCESS,STABLE_SUCCESS,0f38b11aff1e6cc528b02a59975c816cd8d68ade0c1b157fb3b7793a1daed966,SUCCESS,STABLE_SUCCESS,0f38b11aff1e6cc528b02a59975c816cd8d68ade0c1b157fb3b7793a1daed966,SUCCESS,STABLE_SUCCESS,0f38b11aff1e6cc528b02a59975c816cd8d68ade0c1b157fb3b7793a1daed966,SUCCESS,STABLE_SUCCESS,0f38b11aff1e6cc528b02a59975c816cd8d68ade0c1b157fb3b7793a1daed966,SUCCESS,STABLE_SUCCESS,0f38b11aff1e6cc528b02a59975c816cd8d68ade0c1b157fb3b7793a1daed966
nested,NEST-14,Deep nested list depth 1999 (near limit),YES,SUCCESS,STABLE_SUCCESS,7fdeb5065bf64dcc9cab85cd1eb15d2aa7d3fea008e5f92fa1dd018f20f4400d,SUCCESS,STABLE_SUCCESS,7fdeb5065bf64dcc9cab85cd1eb15d2aa7d3fea008e5f92fa1dd018f20f4400d,SUCCESS,STABLE_SUCCESS,7fdeb5065bf64dcc9cab85cd1eb15d2aa7d3fea008e5f92fa1dd018f20f4400d,SUCCESS,STABLE_SUCCESS,7fdeb5065bf64dcc9cab85cd1eb15d2aa7d3fea008e5f92fa1dd018f20f4400d,SUCCESS,STABLE_SUCCESS,7fdeb5065bf64dcc9cab85cd1eb15d2aa7d3fea008e5f92fa1dd018f20f4400d
nested,NEST-15,"Deep nested list depth 2001 (exceed limit, expect RecursionError)",N/A,EXCEPTION,STABLE_EXCEPTION,,EXCEPTION,STABLE_EXCEPTION,,EXCEPTION,STABLE_EXCEPTION,,EXCEPTION,STABLE_EXCEPTION,,EXCEPTION,STABLE_EXCEPTION,
nested,NEST-16,Large list 100000 elements,YES,SUCCESS,STABLE_SUCCESS,0a3883537de24a4c54be6f1248492204102efceadee7cfd6053b14dee429f4a7,SUCCESS,STABLE_SUCCESS,0a3883537de24a4c54be6f1248492204102efceadee7cfd6053b14dee429f4a7,SUCCESS,STABLE_SUCCESS,0a3883537de24a4c54be6f1248492204102efceadee7cfd6053b14dee429f4a7,SUCCESS,STABLE_SUCCESS,0a3883537de24a4c54be6f1248492204102efceadee7cfd6053b14dee429f4a7,SUCCESS,STABLE_SUCCESS,0a3883537de24a4c54be6f1248492204102efceadee7cfd6053b14dee429f4a7
nested,NEST-17,Large dict 100000 integer keys,YES,SUCCESS,STABLE_SUCCESS,6acb02aa048c91cc507641df26239b7209c65355a671a730c0e46faa41a6ca9e,SUCCESS,STABLE_SUCCESS,6acb02aa048c91cc507641df26239b7209c65355a671a730c0e46faa41a6ca9e,SUCCESS,STABLE_SUCCESS,6acb02aa048c91cc507641df26239b7209c65355a671a730c0e46faa41a6ca9e,SUCCESS,STABLE_SUCCESS,6acb02aa048c91cc507641df26239b7209c65355a671a730c0e46faa41a6ca9e,SUCCESS,STABLE_SUCCESS,6acb02aa048c91cc507641df26239b7209c65355a671a730c0e46faa41a6ca9e
nested,NEST-18,Large set 100000 integers,NO,SUCCESS,STABLE_SUCCESS,812db9775f92d60926ab5522a13bd3dd0120537f7a732251009786b1a750f128,SUCCESS,STABLE_SUCCESS,e571a095159bb54a92f9b64bcb82007b923815b764f27b9462ed310c2e420bf1,SUCCESS,STABLE_SUCCESS,e571a095159bb54a92f9b64bcb82007b923815b764f27b9462ed310c2e420bf1,SUCCESS,STABLE_SUCCESS,98e6c17214b79a179a2d5e8334fab3630bbd5f8c5c80ca0f874d339d1eda53d1,SUCCESS,STABLE_SUCCESS,98e6c17214b79a179a2d5e8334fab3630bbd5f8c5c80ca0f874d339d1eda53d1
nested,NEST-19,Large tuple 100000 integers,YES,SUCCESS,STABLE_SUCCESS,3414b3848c370bee3145b2e6b50e187de3e8d8573e27600bc02100e21793105d,SUCCESS,STABLE_SUCCESS,3414b3848c370bee3145b2e6b50e187de3e8d8573e27600bc02100e21793105d,SUCCESS,STABLE_SUCCESS,3414b3848c370bee3145b2e6b50e187de3e8d8573e27600bc02100e21793105d,SUCCESS,STABLE_SUCCESS,3414b3848c370bee3145b2e6b50e187de3e8d8573e27600bc02100e21793105d,SUCCESS,STABLE_SUCCESS,3414b3848c370bee3145b2e6b50e187de3e8d8573e27600bc02100e21793105d
nested,NEST-20,Shared reference list (same object repeated),YES,SUCCESS,STABLE_SUCCESS,01d25824309ae12677fcff04d7d7b34f0357a5125e8de4dc4d41a793f16bb543,SUCCESS,STABLE_SUCCESS,01d25824309ae12677fcff04d7d7b34f0357a5125e8de4dc4d41a793f16bb543,SUCCESS,STABLE_SUCCESS,01d25824309ae12677fcff04d7d7b34f0357a5125e8de4dc4d41a793f16bb543,SUCCESS,STABLE_SUCCESS,01d25824309ae12677fcff04d7d7b34f0357a5125e8de4dc4d41a793f16bb543,SUCCESS,STABLE_SUCCESS,01d25824309ae12677fcff04d7d7b34f0357a5125e8de4dc4d41a793f16bb543
nested,NEST-21,Shared reference dict,YES,SUCCESS,STABLE_SUCCESS,bae13a8c6daddafafcf55c62c36f20df69201b80330e683248690a6798e98c5c,SUCCESS,STABLE_SUCCESS,bae13a8c6daddafafcf55c62c36f20df69201b80330e683248690a6798e98c5c,SUCCESS,STABLE_SUCCESS,bae13a8c6daddafafcf55c62c36f20df69201b80330e683248690a6798e98c5c,SUCCESS,STABLE_SUCCESS,bae13a8c6daddafafcf55c62c36f20df69201b80330e683248690a6798e98c5c,SUCCESS,STABLE_SUCCESS,bae13a8c6daddafafcf55c62c36f20df69201b80330e683248690a6798e98c5c
nested,NEST-22,Nested list containing huge string,YES,SUCCESS,STABLE_SUCCESS,0e76ae2d7cc49e15632dbafe3c58a913365eaf0938d8f31c46384e4aea67e77b,SUCCESS,STABLE_SUCCESS,0e76ae2d7cc49e15632dbafe3c58a913365eaf0938d8f31c46384e4aea67e77b,SUCCESS,STABLE_SUCCESS,0e76ae2d7cc49e15632dbafe3c58a913365eaf0938d8f31c46384e4aea67e77b,SUCCESS,STABLE_SUCCESS,0e76ae2d7cc49e15632dbafe3c58a913365eaf0938d8f31c46384e4aea67e77b,SUCCESS,STABLE_SUCCESS,0e76ae2d7cc49e15632dbafe3c58a913365eaf0938d8f31c46384e4aea67e77b
nested,NEST-23,Nested list containing huge bytes,YES,SUCCESS,STABLE_SUCCESS,36401de34f59117ffef110c91979ace18388c2f3f51debd5b114e5c9c2d4a96e,SUCCESS,STABLE_SUCCESS,36401de34f59117ffef110c91979ace18388c2f3f51debd5b114e5c9c2d4a96e,SUCCESS,STABLE_SUCCESS,36401de34f59117ffef110c91979ace18388c2f3f51debd5b114e5c9c2d4a96e,SUCCESS,STABLE_SUCCESS,36401de34f59117ffef110c91979ace18388c2f3f51debd5b114e5c9c2d4a96e,SUCCESS,STABLE_SUCCESS,36401de34f59117ffef110c91979ace18388c2f3f51debd5b114e5c9c2d4a96e
nested,NEST-24,Frozenset order independence,YES,SUCCESS,STABLE_SUCCESS,bf9a48f3918899af42c6b8d9dd2c32cd277904949444066952319f1aaa8ee644,SUCCESS,STABLE_SUCCESS,bf9a48f3918899af42c6b8d9dd2c32cd277904949444066952319f1aaa8ee644,SUCCESS,STABLE_SUCCESS,bf9a48f3918899af42c6b8d9dd2c32cd277904949444066952319f1aaa8ee644,SUCCESS,STABLE_SUCCESS,bf9a48f3918899af42c6b8d9dd2c32cd277904949444066952319f1aaa8ee644,SUCCESS,STABLE_SUCCESS,bf9a48f3918899af42c6b8d9dd2c32cd277904949444066952319f1aaa8ee644
